DATE,TIME,PH,COND,TAC,TH,COD,OIL,SS,SO42-,CL-,NH4-N,TP,TN,VFA,B-Q,B-RECY,B-VFA,B-CODIN,B-TAC,B-PH,B-T,B-NH4-N,B-TP,B-CODOUT
2021/2/1,0,6.9,3487,184,22,9200,169.9,35,4.999,60,37.93,3.96,92,2224.8,90,630,582.1,9200,1767,6.96,37.71,61.58,19.1,2143
2021/2/2,1,6.7,3473,135,38,7475,176,76,5,84.3,34.41,3.94,95,2212.3,80,630,584.6,7475,1816,6.96,37.45,61.81,99,1813
2021/2/3,2,6.6,3460,137,15,7310,168.14,43,4.999,38.2,25.25,4.27,97.5,2139.9,90,630,582.1,7310,1669,6.93,37.28,64.41,18.4,1884
2021/2/4,3,6.7,3446,189,40,8065,153.56,65,4.999,99.1,33.84,4.5,102,2206.1,90,630,642.1,8065,1739,6.91,37.16,68.22,14.6,2106
2021/2/5,4,6.7,3433,167,40,8025,171.2,40,4.999,82.3,34.97,4,104.5,2188.6,90,630,562.1,8025,1591,6.92,37.79,65.73,14.7,2043
2021/2/6,5,6.6,3419,116,20,7652,176.36,22,4.999,50.9,34.74,4.89,100.5,2061.2,90,630,559.4,7652,1622,6.92,37.74,60.66,18.7,1434
2021/2/7,6,6.6,3406,136,32,7780,179.74,46,4.999,55.7,30.25,5.15,102,1989.1,90,630,555.7,7780,1645,6.91,37.75,60,14,2136
2021/2/8,7,6.8,3392,175,29,7935,175.56,35,4.999,55.2,35.82,5.42,97,2043.8,90,630,606.7,7935,1711,6.9,37.68,68.66,10.3,2061
2021/2/9,8,6.4,3379,221,22,8343,172.74,60,4.999,46.2,34.41,6.04,111,2007.8,90,630,599.2,8343,1654,6.88,37.65,61.81,16.7,2150
2021/2/10,9,6.6,3366,192,29,7836,172.74,75,4.999,53,21.53,6.12,83,1960.5,90,630,629.1,7836,1541,6.88,37.5,62.63,14.8,2151
2021/2/11,10,6.9,3352,167,25,7915,154.32,68,4.999,42,31.25,6.17,115,1939.4,90,630,616.6,7915,1722,6.94,37.54,69,15.8,2298
2021/2/12,11,6.8,3339,191,16,7995,181,40,4.999,44.4,30.05,6.82,81,1963,90,630,619.1,7995,1722,6.93,37.62,83,17,2265
2021/2/13,12,6.6,3325,181,24,7318,154,66,4.999,70,36.95,6.4,111,1941,90,630,657.7,7318,1870,6.91,37.81,69.61,19.4,2039
2021/2/14,13,6.6,3312,196,38,8024,160,43,4.999,62.1,35.99,5.2,119,1940.5,90,630,594.5,8024,1697,6.92,37.96,59.41,18.4,2039
2021/2/15,14,6.5,3298,173,41,7590,149.54,35,18,53.8,26.5,5.39,99.5,1976.5,90,630,639,7590,1637,6.91,37.56,62.5,14.3,2116
2021/2/16,15,7.2,3285,197,11,7740,156.1,40,50,44.4,28.25,6,97.5,1918.3,90,630,547,7740,1703,6.9,37.23,57.5,15.8,2036
2021/2/17,16,7.1,3271,196,28,8300,154,30,22,50.6,17.31,5.06,108,1929.4,90,630,649,8300,1738,6.91,37.3,53.24,15.5,2030
2021/2/18,17,6.8,3258,174,22,7193,151,55,33,65.4,29.95,5.25,79,1966.7,90,630,535.8,7193,1837,6.9,37.36,61.29,15.9,1949
2021/2/19,18,7,3244,146,43,7183,154,38,15,58.4,28.75,5.25,97.5,1807.6,90,630,508.5,7183,1650,6.89,37.57,65,15.9,2040
2021/2/20,19,6.5,3231,179,22,7391,184,47,4.999,44.4,20.97,6.88,102,1811.3,90,630,481.1,7391,1657,6.9,37.23,62.2,14.3,1965
2021/2/21,20,6.6,3218,158,32,7317,154.5,50,4.999,56.2,35.01,5.7,116,1795.2,90,630,479.9,7317,1586,6.89,37.34,59.98,16.9,1870
2021/2/22,21,6.8,3204,224,24,7815,196.08,50,4.999,48.4,21.6,4.05,118.5,1851.1,90,630,515.9,7815,1777,6.89,36.45,61.64,14.1,2114
2021/2/23,22,6.7,3191,188,30,7620,171.73,68,4.999,68.7,24.81,5.26,126.5,1731.8,90,630,484.8,7620,1666,6.88,37.21,64.1,12.4,1975
2021/2/24,23,6.6,3177,178,8,6923,150.8,76,4.999,41.4,36.17,4.11,121,1719.3,90,630,509.7,6923,1478,6.87,37.57,59.81,13.5,1637
2021/2/25,24,6.8,3164,225,32,6802,134.44,75,4.999,66.9,23.78,4.28,108,1659.7,90,630,472.4,6802,1629,6.88,37.86,66.52,12.4,1750
2021/2/26,25,6.8,3150,187,39,7386,177,79,4.999,91,30.13,4.38,126.5,1716.9,90,630,499.8,7386,1718,6.9,37.24,57.83,12,1958
2021/2/27,26,6.6,3137,143,118,7484,212.5,82,64,76.9,33.36,3.89,131,1685.8,90,630,467.4,7484,1526,6.91,37.21,68.74,12.2,1897
2021/2/28,27,6.6,3123,174,22,7015,176,79,96,49.8,34.17,4.78,93.5,1669.6,100,630,488.6,7015,1476,6.87,36.93,57.63,14.6,1978
2021/3/1,28,6.8,3110,191,12,6846,186,65,67,37.5,27.76,4.27,93,1654.7,100,630,499.8,6846,1495,6.87,36.77,59.76,12.9,1937
2021/3/2,29,6.9,2980,203,54,6875,158,40,55,107.6,19.08,3.75,109,1651,100,630,488.6,6875,1455,6.88,36.7,54.91,17.4,1874
2021/3/3,30,6.7,2950,172,17,7510,216.3,48,25,72,18.25,5.11,102,1700.7,100,630,467.4,7510,1447,6.86,36.86,51.5,12.3,2032
2021/3/4,31,6.8,3000,186,23,6267,218,70,51,52,28.89,4.54,88.5,1682,100,630,491.1,6267,1555,6.88,36.75,51.46,14.2,2021
2021/3/5,32,7,2960,206,30,6607,142.2,70,54,69.3,23.17,4.23,94,1619.9,100,630,460,6607,1519,6.87,36.45,51.09,14.9,1984
2021/3/6,33,6.6,2870,186,27,7372,136,60,4.999,56.4,28.14,4.52,102,1603.7,105,630,473.7,7372,1438,6.88,36.77,56.18,11.1,1898
2021/3/7,34,6.7,2930,168,33,6660,142.25,48,4.999,65.6,27,4.43,87.5,1606.2,105,630,455,6660,1435,6.86,36.67,65,11.7,1758
2021/3/8,35,6.7,2810,200,27,6843,156,39,4.999,49.2,22.81,4.12,94.5,1601.2,105,630,391.6,6843,1696,6.9,36.4,63.64,12.2,2028
2021/3/9,36,6.9,2930,163,40,7054,176,45,4.999,61.5,15.02,3.64,83,1678.3,105,630,468.7,7054,1585,6.89,36.64,78.5,11.7,1971
2021/3/10,37,6.6,2990,205,56,6368,149.52,61,4.999,134.8,28.06,5.38,90,1682,105,630,452.5,6368,1642,6.9,36.65,71.35,13.3,1620
2021/3/11,38,6.9,2900,191,38,6770,152,65,4.999,72.2,16.74,4.4,75,1646,105,630,437.6,6770,1592,6.91,36.79,65.63,10.8,1864
2021/3/12,39,7,2870,176,27,7057,177.08,80,4.999,51.3,35.65,4.14,73,1766.6,105,630,469.9,7057,1560,6.88,36.63,61.35,15.9,1894
2021/3/13,40,6.9,2860,186,39,6708,143.3,104,4.999,54.2,18.71,5.12,84,1634.1,105,630,446.3,6708,1516,6.86,36.78,59.52,15.7,1779
2021/3/14,41,6.8,2910,191,22,6668,157.58,80,4.999,57.4,40.37,4.05,93,1665.9,105,630,457.5,6668,1568,6.88,36.64,56.54,12.3,1902
2021/3/15,42,6.8,2710,205,20,6890,140,91,4.999,49.1,36.5,3.98,104.5,1642.3,115,630,457.5,6890,1522,6.88,36.77,61.94,11.1,1925
2021/3/16,43,6.8,2590,174,18,6391,134,100,4.999,41.3,39.49,4.66,126,1705.7,115,630,498.5,6391,1374,6.88,36.59,56.07,14.6,1872
2021/3/17,44,6.9,2550,168,22,6346,146.84,82,4.999,48.4,25.75,4.73,96.5,1641,115,630,491.1,6346,1472,6.86,36.64,52.15,10.2,1728
2021/3/18,45,7.2,2590,142,26,6543,193.4,63,4.999,45.9,26.06,4.88,87.5,1685.8,115,630,461.2,6543,1496,6.87,36.77,54.45,8.7,1828
2021/3/19,46,7,2590,168,16,6403,253.9,60,4.999,27.8,15.75,3.29,98.5,1780.3,115,630,469.9,6403,1350,6.85,36.88,52.5,10,1856
2021/3/20,47,6.9,2900,142,19,7176,150.69,85,4.999,38.7,24.88,4.12,85,1756.6,115,630,487.3,7176,1417,6.81,36.47,50.9,10.3,1966
2021/3/21,48,7.1,2610,132,26,6114,58.54,62,4.999,45.9,35.79,4.37,86.5,1697,125,630,504.7,6114,1414,6.81,36.38,48.01,10.9,1971
2021/3/22,49,7.2,2670,137,61,6479,137.56,74,4.999,99,38.04,4.4,116,1716.9,125,630,446.3,6479,1448,6.86,36.43,53.94,11.3,1874
2021/3/23,50,7,2620,169,45,6131,181.25,74,4.999,72.6,21.52,4.18,133,1715.6,125,630,484.8,6131,1364,6.86,36.7,77.43,10.3,1660
2021/3/24,51,6.7,2660,174,31,6841,154.6,68,4.999,76.8,24.44,4.72,108.5,1733,125,690,452.5,6841,1405,6.94,37.03,71.19,10,1858
2021/3/25,52,6.8,2510,144,23,6174,118.8,64,4.999,45.8,30.59,4.42,88,1665.9,125,690,436.4,6174,1436,6.89,36.41,61.22,9.6,1696
2021/3/26,53,7,2480,165,38,6092,88.4,76,4.999,50.8,36.74,6.5,75,1673.3,125,690,476.1,6092,1371,6.87,36.7,62.53,11.7,1626
2021/3/27,54,7,2530,184,49,5880,108.04,78,4.999,70.4,27.25,5.7,91,1556.5,125,690,405.3,5880,1429,6.85,37.08,70,11.9,1620
2021/3/28,55,6.5,2620,135,71,6020,144,63,4.999,137,24.12,4.5,85.5,1588.8,125,690,412.7,6020,1254,6.83,35.86,54.03,16.9,1573
2021/3/29,56,6.9,2440,147,78,5633,119.48,61,4.999,163.7,32.35,5.24,61,1554,125,690,426.4,5633,1504,6.82,36.1,52.71,12.8,1912
2021/3/30,57,6.7,2380,175,38,5729,97.48,65,4.999,84.2,22.4,5.8,54.5,1455.2,125,690,430.6,5729,1280,6.78,36.18,45.78,12.7,1703
2021/3/31,58,6.9,2380,178,37,5555,145.6,71,4.999,82.5,31.92,5.32,73,1447.7,125,690,436.8,5555,1267,6.76,35.84,48.73,10.2,1642
2021/4/1,59,6.7,2490,136,47,5671,185.8,64,4.999,88.9,34.04,6.3,82,1426.5,125,690,529.2,5671,1103,6.71,35.73,50.12,10.7,1899
2021/4/2,60,7,2660,198,47,5406,107.86,64,21,81.4,29.26,10.77,83.5,1548.8,105,690,537.9,5406,1247,6.9,36.01,44.86,13.3,1811
2021/4/3,61,6.9,2732,146,64,5950,117.98,65,27,102.4,34.6,5.85,82.5,1426.5,105,690,502.9,5950,1316,7.02,36.03,54.37,10.3,1770
2021/4/4,62,6.8,2690,172,62,6242,117.56,60,4.999,126.1,44.5,5.25,94.5,1535,105,690,485.5,6242,1450,6.92,36.33,54,11.4,1761
2021/4/5,63,7,2600,168,31,5455,120.48,45,4.999,71.2,46,5.91,77,1593.7,105,690,431.8,5455,1476,6.88,36.44,52.5,10.8,1592
2021/4/6,64,7,2570,170,47,6260,106.12,60,4.999,80.2,32.22,6.26,83.5,1651.1,105,690,423.1,6260,1423,6.87,36.54,46.99,12.7,1646
2021/4/7,65,6.6,2570,168,23,6263,62.88,56.7,9,57.4,31.98,6.6,80.5,1593.7,105,690,389.4,6263,1416,6.85,36.54,39.88,11.3,1655
2021/4/8,66,7,2660,175,39,6340,102,66,4.999,56.3,29.21,6.48,78,1634.9,105,690,409.3,6340,1360,6.84,36.5,38.79,10.6,1720
2021/4/9,67,6.5,2640,167,33,6550,160.9,53,4.999,77.8,24.69,5.25,95.5,1651.1,105,690,395.6,6550,1294,6.83,36.52,37.39,10.5,1725
2021/4/10,68,6.8,2620,204,54,5668,114.4,54,4.999,90.9,31.06,5.48,83.5,1580,105,690,414.3,5668,1323,6.83,36.73,33.74,15.5,1578
2021/4/11,69,6.6,2470,151,63,5644,110.1,58,4.999,90.3,26.6,6.65,84,1547.5,105,690,380.6,5644,1269,6.83,36.69,43.6,10.8,1653
2021/4/12,70,6.8,2460,186,59,6356,180.6,68,4.999,67.5,25.95,7.29,81.8,1572.5,105,690,361.9,6356,1254,6.83,36.71,42,10.45,1655
2021/4/13,71,6.6,2770,144,33,5810,180.4,65,4.999,71.4,28.95,6.06,78.5,1536.3,105,690,391.9,5810,1217,6.84,36.7,44.59,13.3,1610
2021/4/14,72,6.7,2650,152,62,5074,137,55,7,119.2,21.88,6.02,77.2,1573.7,105,690,344.4,5074,1220,6.83,36.81,44.05,10.15,1532
2021/4/15,73,6.7,2570,150,63,5625,106.8,60,4.999,115,26.38,6.28,84,1693.5,105,690,380.6,5625,1234,6.84,36.55,48.15,12.2,1540
2021/4/16,74,6.7,2560,190,52,5860,53.14,50,4.999,79.9,27.5,5.95,77.7,1588.7,105,690,363.2,5860,1333,6.86,36.68,45.5,9.38,1491
2021/4/17,75,6.8,2680,173,22,5874,162.18,55,4.999,48.5,29.47,6.85,78.5,1556.3,105,690,364.4,5874,1320,6.85,36.6,44,12.9,1596
2021/4/18,76,6.7,2690,168,48,5840,133.38,50,4.999,87.1,25.49,9.29,89.4,1642.4,105,690,350.7,5840,1354,6.85,36.74,47.56,11.87,1523
2021/4/19,77,6.8,2520,180,54,5989,113.84,30,4.999,80.4,33.62,7.52,90,1602.4,105,690,344.4,5989,1305,6.86,36.22,43.95,12.2,1656
2021/4/20,78,6.6,2650,195,46,6080,147.16,55,4.999,77.2,36,5.6,80.6,1597.4,105,690,337,6080,1320,6.86,35.68,46,9.75,1459
2021/4/21,79,6.8,2400,158,40,5688,77.68,64,4.999,33,28.93,10.5,76.3,1556.3,105,690,373.2,5688,1360,6.88,35.37,44.78,10.25,1561
2021/4/22,80,7,2368,228,16,5704,101.52,40,4.999,35.8,27.11,9.5,81.4,1490.1,105,690,339.5,5704,1393,6.85,35.4,40.96,10.55,1416
2021/4/23,81,6.7,2400,234,72,5769,112,65,31,176,23.76,6.05,81.8,1356.6,105,690,350.7,5679,1393,6.79,35.09,43.4,10.42,1280
2021/4/24,82,7,2330,207,113,6370,152.05,25,81,215.1,32.25,6.06,84.9,974.7,105,690,248.4,6370,1153,6.75,34.96,47,10.25,1290
2021/4/25,83,6.6,2040,200,92,5558,139.58,35,64,130.8,36.04,5.32,87.1,1049.6,105,690,255.8,5558,1014,6.72,35.03,44.69,11.22,1415
2021/4/26,84,7.1,2240,194,23,5398,104.34,54,6,66.5,24.77,4.58,81,1215.6,105,690,280.8,5398,1075,6.73,35.06,47.41,10.62,1318
2021/4/27,85,6.9,2600,204,30,5416,86.76,60,63,86.8,30.9,4.55,83.2,1301.7,105,690,292,5416,1157,6.77,35.03,61.18,9.25,1348
2021/4/28,86,7.1,2760,250,40,5550,115.9,42,30,134.9,29.25,5.37,86.7,1472.6,105,690,274.6,5550,1191,6.81,34.93,66,10.45,1484
2021/4/29,87,7.1,2470,218,26,5459,55.12,39,4.999,64.7,32.25,6.88,79.6,1581.2,105,690,330.7,5459,1236,6.87,34.64,58,10.48,1475
2021/4/30,88,6.9,2650,229,22,5624,63.47,35,4.999,55.9,46.83,5.5,89.1,1577.5,105,690,324.5,5624,1306,6.88,34.48,63.76,13.12,1510
2021/5/1,89,7.1,2940,218,23,5967,93.34,55,4.999,67.5,35.66,6,74.2,1648.6,105,690,344.4,5967,1355,6.89,34.23,56.83,11.8,1491
2021/5/2,90,7,2980,261,50,5604,119.66,78,4.999,134,30.73,6.3,75.3,1602.4,105,690,327,5604,1400,6.9,34.25,57.31,12.1,1488
2021/5/3,91,6.7,2770,217,31,5979,132.58,50,4.999,80.3,22.19,5.6,90,1702.3,105,690,320.7,5979,1355,6.91,34.31,46.65,11.25,1373
2021/5/4,92,6.9,2950,234,38,6303,63.62,56,4.999,128.3,29.65,5.42,70.1,1691,105,690,348.2,6303,1423,6.91,34.36,44.92,11.8,1412
2021/5/5,93,6.3,2920,314,90,6114,125.46,65,34,77.8,37.85,4.8,78,1714.8,105,690,335.7,6114,1482,6.91,34.32,45.13,13,1509
2021/5/6,94,6.9,2930,231,15,6350,70.02,74,41,45.6,34.75,5.33,82.6,1723.5,105,690,337,6350,1423,6.93,34.4,49,15.7,1422
2021/5/7,95,7,2840,229,28,6392,64.58,65,8,41.3,31.51,5.6,99.3,1646.1,105,690,339,6392,1431,6.96,34.46,55.71,11.38,1568
2021/5/8,96,7.4,2920,250,22,6290,96.6,64,8,49.1,31.73,4.95,87.8,1819.6,105,690,340,6290,1519,6.95,34.47,56.56,13.95,1623
2021/5/9,97,7.2,2900,318,23,6581,141.6,35,8,77.8,48.46,5.25,101.1,1617.4,105,690,342,6581,1588,6.95,34.46,61.33,9.92,1601
2021/5/10,98,7.1,2800,287,57,6211,128.42,90,8,97.6,40.75,4.71,92,1644.9,105,690,343,6211,1508,6.93,34.51,63.5,9.93,1644
2021/5/11,99,7.4,2870,207,74,6101,110.78,85,8,74.2,29.62,5.38,98.2,1592.4,105,690,345,6101,1548,6.93,34.44,62.86,10.85,1550
2021/5/12,100,7.4,2750,251,30,5713,34.02,66,8,59.4,28.66,5.4,101.4,1649.9,105,690,346,5713,1509,6.94,34.33,69.42,11.18,1674
2021/5/13,101,6.7,2630,200,47,6195,116.98,45,8,70.3,29.49,6.3,88.6,1528.8,105,690,348,6195,1526,6.92,34.35,66.19,9.32,1676
2021/5/14,102,6.7,2800,194,16,5720,122.48,49,8,40.1,34.5,5.18,95.3,1501.3,105,690,349,5720,1536,6.93,34.4,65.5,9.55,1529
2021/5/15,103,6.8,2910,215,136,5750,61.3,38,61,208.8,46.68,6.13,95.2,1565,105,690,351,5750,1445,6.89,34.37,64.67,10.6,1641
2021/5/16,104,6.7,2930,164,46,5225,155.44,40,68,134,35.39,6.39,93.4,1362.8,105,690,352,5225,1408,6.9,34.28,62.93,11.62,1526
2021/5/17,105,6.9,3040,230,71,5372,178.35,42,93,170.1,40.26,6.5,89.8,1523.8,105,690,354,5372,1401,6.91,34.15,67.09,11,1603
2021/5/18,106,6.6,2780,208,64,5580,122.7,60,66,131.3,37,6.69,100.1,1501.3,105,690,355,5580,1425,6.92,34.33,67.5,12.3,1609
2021/5/19,107,6.9,2920,208,24,6034,122.42,63,44,79.3,26.6,7.13,91.2,1669.8,105,690,356,6034,1403,6.91,34.47,64.91,14.72,1578
2021/5/20,108,6.9,2880,212,56,5643,43,69,8,57.1,26.47,8.57,85.2,1702.3,105,690,358,5643,1393,6.93,34.5,102.2,14.57,1670
2021/5/21,109,6.8,2950,217,42,5443,115.86,60,8,96.1,38.56,8.17,90.8,1593.1,105,690,359,5443,1386,6.94,34.55,62.83,12.52,1580
2021/5/22,110,6.5,2790,253,39,6420,96.96,42,8,67.6,37.75,43.72,91.3,1671.5,105,690,361,6420,1428,6.95,34.9,67.5,12.82,1526
2021/5/23,111,6.8,2910,244,25,6070,72.48,60,8,51.4,33.81,6.12,81.7,1717.3,105,690,362,6070,1383,6.96,35.01,63.72,12.55,1459
2021/5/24,112,6.8,2760,230,34,5890,88,38,8,81.4,30.54,6.5,79.7,1677.5,105,690,364,5890,1420,6.95,34.86,58.82,12.6,1496
2021/5/25,113,6.8,2860,250,48,5976,147.7,57,8,84.2,38.58,6.25,83.8,1680,105,690,365.4,5976,1457,6.96,35.57,62.75,12.15,1547
2021/5/26,114,6.8,2760,239,78,5490,114,72,8,87.7,35,4.69,97,1696.8,105,690,330.4,5490,1462,6.96,35.33,65,12.5,1431
2021/5/27,115,6.8,2840,243,42,5854,59.6,65,8,101.6,27.79,7.4,92.4,1657,105,690,411.2,5854,1528,6.96,35.13,66.21,10.82,1459
2021/5/28,116,6.8,2750,227,57,5398,77.26,60,8,109.4,29.48,6.02,86.9,1515.9,105,690,436.6,5398,1502,6.96,35.01,100.7,11.57,1575
2021/5/29,117,6.9,2720,265,28,5163,137.92,70,8,56,27.1,7.74,94.1,1502.7,105,690,420.9,5163,1526,6.93,34.82,66.57,9.4,1455
2021/5/30,118,7,2360,238,50,5561,69.68,71,8,53.3,25.5,12.94,83.7,1442.4,105,690,365.4,5561,1322,6.92,34.93,63.5,11.8,1429
2021/5/31,119,6.8,2290,209,25,5222,110.18,64,8,48.2,23.6,6.22,81,1432.7,105,690,325.6,5222,1345,6.89,34.89,56.47,10.18,1469
2021/6/1,120,6.9,2370,211,46,4986,83.49,54,8,21.5,22.59,8.75,76.6,1414.6,105,690,376.3,4986,1312,6.88,34.84,87.6,9.78,1458
2021/6/2,121,7,2440,212,80,5468,130.36,56,19,78.2,23.21,5.48,81.4,1358,105,690,307.5,5468,1322,6.88,34.69,59.48,9.9,1433
2021/6/3,122,7,2115,226,73,5123,79.16,53,15,59.3,15.87,10.12,83,1183.1,105,690,303.9,5123,1272,6.87,34.66,48.06,11.2,1325
2021/6/4,123,7,1853,300,41,4370,62.06,60,8,50.4,21.51,8.85,82,1067.3,113,690,253.3,4370,1219,6.86,34.51,56.94,12.9,1289
2021/6/5,124,7,2095,220,37,5189,47.84,45,8,73.4,21.35,10.02,87.6,988.9,113,690,311.1,5189,1152,6.81,34.62,53.07,11.25,1242
2021/6/6,125,7,2310,260,39,5025,48.28,50,11,98.8,29.53,7.12,93.1,1254.2,113,690,276.2,5025,1111,6.81,34.69,51.63,11.45,1284
2021/6/7,126,7.2,2500,327,16,5440,108,58,74,70.1,24.5,10.07,80.1,1364,113,690,289.4,5440,1175,6.96,34.58,60,11.08,1167
2021/6/8,127,7,2470,277,22,5565,68.74,58,10,81.4,24.57,13.52,71.7,1371.2,113,690,285.8,5565,1155,6.94,34.76,56.68,10.72,1398
2021/6/9,128,7.1,2820,222,24,5229,81.18,57,83,66.8,16.4,9.86,69.5,1454.4,113,690,337.7,5229,1230,6.91,34.77,45.25,10.61,1413
2021/6/10,129,6.9,2950,219,40,5822,77.52,58,73,132.7,23.77,9.88,83,1436.4,113,690,397.1,5822,1211,6.95,34.42,57.99,10.98,1541
2021/6/11,130,7.2,2500,275,58,5608,106.94,58,69,60.4,22.74,14.68,77.1,1536.6,113,690,395.9,5608,1187,6.95,34.63,57.61,11.6,1623
2021/6/12,131,7.1,2520,238,38,5778,135.96,64,8,50.4,32.09,9.22,76.5,1520.5,113,690,384.8,5778,1228,6.96,34.74,62.87,11.03,1671
2021/6/13,132,6.8,2600,203,72,5751,131.36,58,8,41.8,24.42,6.45,78.4,1497,113,690,444.2,5751,1278,6.94,34.61,59.35,12.5,1853
2021/6/14,133,6.9,2690,223,47,6139,60.46,56,26,96,37.07,6.8,83.3,1532.9,113,690,457.8,6139,1264,6.93,34.5,59.86,10.62,1800
2021/6/15,134,6.9,2910,258,66,5750,149.4,58,35,74,36,7.89,78.6,1405.3,108,690,445.4,5750,1300,6.92,34.57,58.5,9.58,1949
2021/6/16,135,6.9,2670,190,41,4677,84.38,54,75,109.4,29.53,11.75,82.8,1344.8,108,690,426.8,4677,1266,6.91,34.31,54.12,11,1590
2021/6/17,136,6.9,2860,185,39,5306,120.6,56,78,147.2,25.16,10,87.1,1471,108,690,414.5,5306,1231,6.95,34.52,46.31,11.19,1707
2021/6/18,137,6.8,2700,197,53,6160,134.22,54,31,89.1,20.41,6.65,87.3,1529.2,108,690,418.2,6160,1227,6.68,34.88,59.3,10.45,1730
2021/6/19,138,6.9,2770,213,27,5500,147.98,56,60,140.1,20.75,17.49,80,1493.3,108,690,397.1,5500,1296,6.96,35.08,59.5,10.5,1753
2021/6/20,139,6.9,2690,201,31,5738,129.22,56,8,75.1,28.27,9.4,82.8,1568.8,108,690,470.1,5738,1225,7,35.31,59.16,10.5,1864
2021/6/21,140,6.8,2760,207,14,5500,152,58,14,78.4,38.99,9,93.7,1592.3,108,690,488.7,5500,1281,7.01,35.41,68.03,10.83,1716
2021/6/22,141,6.9,2680,211,56,5950,142,58,4.999,49.2,32.44,8.4,91.1,1609.6,105,690,496.1,5950,1270,6.99,35.39,66.57,10.78,1891
2021/6/23,142,6.8,2710,218,16,6240,113.18,60,8,77.9,28.75,11.01,94.3,1744.5,105,690,517.1,6240,1304,7.02,35.4,74,11.05,1856
2021/6/24,143,6.9,2720,223,37,5808,113.44,58,8,44.7,24.64,13.52,85,1550.2,105,690,486.2,5808,1330,6.99,35.38,62.68,11.4,1865
2021/6/25,144,6.8,2670,236,16,6060,108.94,54,8,68.3,28.83,7.25,105.6,1583.6,102,690,492.4,6060,1351,6.98,35.4,61.57,10.92,1993
2021/6/26,145,7.1,2800,213,65,6300,139.54,56,8,82.3,33.01,6.5,81.8,1612.1,102,690,518.4,6300,1307,6.94,35.35,63.74,11.4,2086
2021/6/27,146,7.1,2850,251,54,6200,127.5,62,9,106.7,29.25,6.52,88.3,1568.8,102,690,543.1,6200,1307,6.97,35.33,75.6,12.25,2225
2021/6/28,147,7,2760,219,72,5938,94.33,62,38,55.9,30.68,8.42,91.3,1633.1,98,690,527,5938,1256,6.97,35.35,63.07,10.6,2059
2021/6/29,148,6.9,2790,275,31,6149,112,60,17,90.8,41.59,9.1,94.6,1576.2,98,690,544.4,6149,1419,6.99,35.37,65.91,10.17,2239
2021/6/30,149,6.9,2780,274,29,7025,128,60,18,75.3,41.63,7.38,91.4,1579.9,95,690,533.2,7025,1388,7.01,35.33,67.93,10.7,2292
2021/7/1,150,7,2840,273,34,6050,135.8,44,8,117.2,43,11.4,91,1626.9,95,690,556.7,6050,1405,7.17,35.36,66.76,11.75,2015
2021/7/2,151,7.1,2600,220,54,5890,128.08,90,8,63.6,38.5,16.25,94,1560.1,95,690,553,5890,1348,7.1,35.48,64.7,11.92,2091
2021/7/3,152,7.1,2600,267,66,5130,146.2,84,8,68.7,25.47,6.05,83.3,1561.3,95,690,520.9,5130,1484,7.08,35.58,59.82,11.2,1914
2021/7/4,153,7.1,2810,290,38,6240,153.98,56,14,148.7,26.99,6.28,77.8,1536.6,95,690,506,6240,1541,7.04,35.56,64.41,11.8,2047
2021/7/5,154,7,2560,227,40,6753,119.76,112,8,92,30.25,8.84,75.8,1485.9,95,690,489.9,6753,1332,7.01,35.62,64,11.22,1986
2021/7/6,155,7.1,2800,221,38,5480,104.77,69,68,124.2,25.63,11.23,85.7,1484.6,95,690,467.7,5480,1232,6.98,35.62,53.46,11.55,2139
2021/7/7,156,7.2,2630,221,39,6129,155.12,46,8,83.9,19.37,5.95,79,1459.9,95,690,513.4,6129,1229,6.96,35.59,49.18,9.37,1994
2021/7/8,157,7.3,2640,217,20,5878,121.86,52,9,78.1,24.97,6.29,67.2,1348.5,95,690,480,5878,1184,6.96,35.54,57.77,9.85,2043
2021/7/9,158,7.1,2710,212,31,5300,126.64,44,12,86.8,19.68,6.91,86.9,1373.3,95,690,485,5300,1214,6.97,35.59,58.37,9.58,1997
2021/7/10,159,7,2670,222,37,5141,148.2,43,81,92.5,26.32,0.35,67.1,1375.8,95,690,503.5,5141,1217,7.02,35.66,53.73,9.62,1826
2021/7/11,160,7,2710,190,16,5471,116.88,77,30,82.5,21.13,3.69,70.3,1304,95,690,529.5,5471,1278,7.05,35.74,54.27,9.21,2049
2021/7/12,161,7.2,2600,225,30,5381,112.36,60,22,83.4,30.02,3.65,88.7,1305.2,95,690,560.5,5381,1242,7.02,35.78,56.65,10.05,2116
2021/7/13,162,7,2600,264,30,5280,101.39,61,8,84.9,34,3.45,80.5,1364.6,95,690,549.3,5280,1268,7.04,35.82,70.62,10.12,2028
2021/7/14,163,7.2,2680,222,31,5070,76.67,64,8,130.6,18.68,3.32,75.8,1374.5,95,690,538.2,5070,1155,7.04,35.76,51.63,11.88,1992
2021/7/15,164,7.2,2480,231,38,4988,86.37,72,9,98,17.42,2.36,61.3,1292.9,95,690,582.7,4988,1217,7,35.72,41.84,12.25,1991
2021/7/16,165,7,2420,196,30,5207,88.98,74,22,120.4,30,4.68,70.2,1244.8,95,690,582.7,5207,1106,7,35.68,49.6,12.32,2015
2021/7/17,166,7,2270,221,32,5303,75.46,68,16,92.2,16,5.31,70,1270.6,95,690,567.9,5303,1254,7.14,35.54,39.25,12.55,2143
2021/7/18,167,7.3,2570,234,43,4540,75.56,60,31,156.6,19.64,3.26,71.4,1261.9,95,690,572.8,4540,1241,7.14,35.55,45.26,14.4,1935
2021/7/19,168,7.5,2520,218,30,4731,74.75,46,12,155.9,20.28,5.8,65.7,1286.7,95,690,576.5,4731,1211,7.1,35.61,50.31,11.06,1877
2021/7/20,169,7.1,2630,202,61,5067,98.96,58,14,145.6,16.42,6.12,69.1,1395.6,95,690,602.5,5067,1116,6.99,35.62,46.88,13.72,1795
2021/7/21,170,7,2760,285,31,5665,113,53,8,150.1,23.4,5.6,77,1368.3,95,690,608.7,5665,1112,6.96,35.67,41.28,11.25,1997
2021/7/22,171,7.2,2760,312,44,5660,128.1,44,13,153,32.42,6.08,93.4,1452.7,95,690,622.8,5660,1137,6.99,35.69,60.42,13.88,2071
2021/7/23,172,7.3,2890,263,41,5476,133.52,28,8,165.8,34.27,7.88,93.4,1477.5,95,690,732.4,5476,1076,6.96,35.67,59.4,13.38,1855
2021/7/24,173,7.2,2840,382,38,5575,130.42,36,22,161.8,36.91,5.72,83.3,1463.6,80,690,765.7,5575,1300,6.98,35.68,65.97,11.37,2364
2021/7/25,174,7.2,2700,381,68,5600,185.36,68,8,106.4,26.5,7.38,72.9,1475.7,80,690,744.5,5600,1308,6.99,35.7,67,12.5,2388
2021/7/26,175,7,2570,353,15,5337,189.54,28,8,79.3,29.93,4.55,79.9,1566.5,80,690,838.3,5337,1345,7.2,35.7,59.4,10.58,2225
2021/7/27,176,6.9,2710,313,23,5198,107.74,36,8,100,13.84,6.05,81.9,1535,80,690,731.8,5198,1404,7.18,35.72,51.37,11.48,2343
2021/7/28,177,7,3200,360,28,5271,79.9,70,223,134.7,38.97,5.4,112.2,1374,80,690,923.1,5271,1384,7.15,35.59,66.13,14.48,2222
2021/7/29,178,7.1,2580,279,31,5119,165.78,84,78,83,41.05,4.91,135,1308.6,80,690,771.7,5119,1246,7.24,35.54,68.99,14.25,2268
2021/7/30,179,7.1,2800,306,30,4921,148.32,32,8,98.2,30.81,4.64,86.5,1417.6,80,690,753,4921,1425,7.33,35.52,77.76,9.4,2314
2021/7/31,180,6.9,2540,285,20,5153,113.06,60,18,145.9,27.88,5.15,65,1271.1,80,690,817.7,5153,1499,7.17,35.55,75.86,16.05,2262
2021/8/1,181,7,2330,256,30,3999,109.4,38,11,79,23.31,5.34,86.9,1334,80,690,696.1,3999,1459,7.21,35.64,69.35,13.28,2072
2021/8/2,182,7,2410,279,94,4820,198.6,42,14,89.6,26.78,5.82,58.4,1371.6,80,690,647.6,4820,1299,7.15,35.7,63.98,14.7,2005
2021/8/3,183,6.9,2250,319,16,4928,160.34,50,8,64.6,22.65,5.33,84.2,1314.1,80,690,704.5,4928,1298,7.09,35.74,60.69,9.35,2060
2021/8/4,184,6.7,2310,309,20,4260,137.36,30,8,70.4,26.94,6.2,78.9,1318.9,80,690,693,4260,1266,7,35.76,60.2,13.4,2167
2021/8/5,185,6.7,2510,301,32,5092,130.34,65,8,113.7,23.87,5.61,82.4,1293.5,80,690,716,5092,1226,7.18,35.82,56.73,12.49,2094
2021/8/6,186,6.9,2640,300,85,4830,148.9,58,8,165,21.25,4.7,67.4,1376.4,80,690,710,4830,1283,7.29,35.85,56.41,13.3,2088
2021/8/7,187,6.8,2540,324,26,5529,107.74,52,20,113.1,23.13,5.38,83.6,1326.8,80,690,744.5,5529,1370,7.13,35.78,64.4,13.65,2359
2021/8/8,188,6.9,2830,293,39,4790,87.84,50,55,162.9,15.15,5.25,61.6,1348.6,80,690,779.6,4790,1348,7.06,35.77,59.59,12.08,2227
2021/8/9,189,6.9,2700,268,31,5179,154,62,34,116.3,22.5,5.48,67.7,1436.3,80,690,748.7,5179,1245,7.09,35.78,55.55,11.95,2198
2021/8/10,190,6.9,2660,275,61,5240,156.9,40,37,129.1,27,4.7,78,1205.7,80,690,805,5240,1228,7.09,35.77,60.5,11.4,2416
2021/8/11,191,7,2420,338,30,4678,125.28,54,11,119.2,20.43,4.43,70.3,1383.7,80,690,789.3,4678,1184,6.98,35.75,58.8,11.78,2311
2021/8/12,192,6.9,2480,324,21,4813,77.46,70,11,113.2,17.04,4.95,73.6,1334,80,690,762.7,4813,1246,6.89,35.8,61.34,11.92,2383
2021/8/13,193,6.8,3130,260,18,4788,129.78,68,8,41.2,30.19,5.94,74,1394,80,690,801.4,4788,1114,6.97,35.75,58.92,11.59,2230
2021/8/14,194,6.9,2510,284,85,4414,166.78,70,8,116.6,27.91,3.62,70.3,1299.5,80,690,765.7,4414,1138,6.85,35.65,62.23,11.2,2242
2021/8/15,195,6.7,2700,317,97,4646,96.16,78,55,153,21.73,3.65,67,1357.6,80,690,797.2,4646,1124,6.97,35.64,62.14,13.72,2326
2021/8/16,196,6.8,2410,277,30,4446,132.8,62,41,79.7,21.66,4.43,76.5,1337.7,80,690,844.4,4446,1085,6.93,35.69,72.01,13.26,2465
2021/8/17,197,6.9,2550,303,38,4490,104.04,42,44,104.2,28.88,3.55,61.9,1272.9,80,690,828.6,4490,1121,6.91,35.77,63.46,12.39,2219
2021/8/18,198,6.7,2300,313,40,4530,89.92,57,14,58.6,22,2.83,86.5,1309.8,80,690,847.4,4530,1101,6.77,35.87,64.5,12.87,2483
2021/8/19,199,6.8,2200,322,31,4384,110,80,15,54.5,23.63,2.65,62.4,1254.1,80,690,880.7,4384,1107,6.71,35.9,62.89,14.04,2589
2021/8/20,200,6.8,2560,319,58,4263,116.44,60,8,138.7,28.22,2.9,70.6,1315.3,80,690,898.8,4263,1007,6.9,35.88,60.96,14.22,2218
2021/8/21,201,6.9,2690,279,45,4780,122.46,64,21,151.4,23.57,2.75,82.9,1341.3,80,690,907.3,4780,906,6.78,35.81,67.22,11.08,2591
2021/8/22,202,6.9,2480,309,45,4930,142.7,78,18,93.6,32,2.85,81.9,1299.5,80,690,937,4930,968,6.73,35.85,67,12.25,2588
2021/8/23,203,6.8,2660,313,63,5082,158.38,28,61,122.5,20.16,2.38,66.3,1213,80,690,1025.3,5082,987,6.84,35.9,62.01,11.55,2688
2021/8/24,204,6.7,2600,282,46,4865,119.24,62,57,95.3,29.66,3.9,69.2,1302.6,80,690,1064.7,4865,1002,6.88,35.92,60.29,11.85,2721
2021/8/25,205,7,2530,334,49,4839,138.96,51,57,105.9,20.52,4.05,44.9,1311,80,690,1025.9,4839,1131,7.05,35.98,64.12,10.69,2942
2021/8/26,206,7.3,2620,303,85,5057,146.66,64,32,109.3,21.6,4.3,71.8,1388.5,80,690,1111.3,5057,1184,7.01,36,63.37,13.2,2911
2021/8/27,207,7,2430,309,40,4749,151.34,73,8,78.7,17.66,3.55,39.3,1324.4,80,690,1124,4749,1050,6.68,35.9,59.7,12.18,3089
2021/8/28,208,6.7,2210,291,56,4704,112.85,34,12,128.2,21.67,3.55,35.6,1121.7,80,690,1071.5,4704,1034,6.75,35.75,73.89,13.7,2762
2021/8/29,209,6.4,1924,272,40,3668,74.18,69,26,103.6,22.85,3.02,42.6,975.9,80,690,1054,3668,1229,7.01,35.66,47.49,9.92,2499
2021/8/30,210,6.5,1846,219,57,3437,122.6,50,11,93.2,23.27,3.44,36,1116.9,80,690,912.4,3437,1312,7.07,35.7,45.51,9,2320
2021/8/31,211,6.5,1725,241,52,3144,68.77,51,27,85.2,16.24,12.48,36.4,940.2,80,690,813.8,3144,1187,7.17,35.74,43.51,10.6,2151
2021/9/1,212,6.4,1744,207,56,2991,68.14,57,24,150.7,9.69,13.1,29.7,860.4,80,690,724.2,2991,1099,7.22,35.74,35.23,9.53,1897
2021/9/2,213,6.6,1877,234,56,3221,75.09,68,23,101.4,14.84,12.64,65.9,1003.2,80,690,652.8,3221,1140,7.18,35.61,35.74,10.1,1680
2021/9/3,214,6.6,2158,234,40,3480,79.27,68,12,142.5,12.25,13.3,49,1182.2,80,690,675.2,3480,1042,6.89,35.64,36,11.2,1850
2021/9/4,215,6.7,1878,250,54,4156,66.06,46,40,88.9,17.95,12.6,38.6,928.7,80,690,690.4,4156,1056,6.85,35.7,35.85,10.27,2102
2021/9/5,216,6.8,1870,250,32,3402,65.05,54,9,107.7,12.59,12.89,55.2,884,80,690,739.4,3402,1055,7,35.65,37.78,10.56,1820
2021/9/6,217,6.9,1559,258,32,2831,62.7,88,21,105.4,10.89,13.98,66.2,685.5,80,690,749.6,2831,1150,6.77,35.65,41.28,9.98,2042
2021/9/7,218,6.6,1821,261,63,3382,79.14,77,22,117.9,11.46,12.85,76,689.7,80,690,707,3382,1120,6.81,35.67,42.89,11.28,1925
2021/9/8,219,6.5,1748,355,53,3100,66.58,71,15,68.2,15.93,10.68,77.9,723.6,80,690,760.1,3100,998,6.77,35.67,50.41,10.62,1952
2021/9/9,220,9.8,2115,359,30,3542,60.02,24,8,146,14.42,12,85.5,956,80,690,791.5,3542,962,6.6,35.74,50.58,10.38,1959
2021/9/10,221,7.2,1790,299,30,3502,62.17,57,8,19.2,15.63,9.76,82.2,931.8,80,690,807.1,3502,951,6.48,35.81,60.91,10.61,2327
2021/9/11,222,8.6,2740,318,89,3374,54.2,90,15,110.5,14.3,12.22,92,939,80,690,917.5,3374,820,6.44,35.88,57.38,9.75,2267
2021/9/12,223,9.4,1774,279,53,2843,41.03,51,23,57.2,11.15,10.48,101.7,909.4,80,690,940.2,2843,751,6.47,35.69,61.48,9.58,2176
2021/9/13,224,9.3,2270,307,66,3769,39.1,30,15,84.1,12.58,12.5,103,1021.3,80,690,919.7,3769,746,6.44,35.78,63.03,10.42,2184
2021/9/14,225,11.7,4190,830,33,2551,46.61,45,8,40.8,11.62,14.02,169,813.2,15,690,972.9,2551,772,6.59,35.73,67.9,8.7,2219
2021/9/15,226,11.6,2770,828,66,2605,8.4,87,8,93,15,11.15,92,921.5,0,690,982,2605,761,6.74,35.72,72.19,11.17,2109
2021/9/16,227,10.2,2155,493,98,2497,26.58,90,12,192.5,14.69,9.58,86.2,781.1,15,690,839.2,2497,894,6.79,35.64,64.01,12.82,1947
2021/9/17,228,7.6,1876,350,81,2249,32.61,91,15,154.6,10.3,8.25,89.2,459.8,0,690,744.2,2249,1019,6.83,35.44,66.48,11.38,1946
2021/9/18,229,7.8,2690,489,94,2393,19.4,86,8,37.3,6.44,4.69,75.5,677.6,0,500,517.9,2393,1046,6.86,35.32,85.42,11.1,1731
2021/9/19,230,7.6,1923,686,122,1767,8.02,73,17,152.6,10.45,2.39,74.6,287.4,0,500,596,1767,1082,6.9,35.29,72.5,5.62,1338
2021/9/20,231,7.4,2620,762,106,4297,85.12,66,68,167,26.18,2.18,74.5,862.8,0,500,557.8,4297,1106,6.92,35.23,77.47,6.95,1197
2021/9/21,232,7.2,2710,586,131,3893,102,71,73,155.4,38.1,2.5,77.1,986.8,0,650,469.5,3893,1175,6.97,35.01,75.44,9.9,1235
2021/9/22,233,7.1,2900,665,146,4620,87.64,90,114,192,36.11,1.7,79.6,1036.4,0,650,524.6,4620,1111,7.02,34.92,79.06,5.4,1117
2021/9/23,234,7.2,2650,470,162,4058,80.42,46,137,224.8,28.54,2.87,62.9,975.3,15,650,354.6,4058,1239,6.98,35.08,79.06,10.05,1014
2021/9/24,235,7.1,2650,444,163,4716,316.24,86,75,200.7,23.67,2.45,53.2,715.2,15,400,392.7,4716,1230,6.92,35.33,63.58,11.82,1067
2021/9/25,236,7.2,2720,418,146,5603,284.68,32,107,258,29.5,6.8,51.9,822.9,20,400,292.8,5603,1173,6.97,35.89,71.26,10.12,1185
2021/9/26,237,8,3250,478,162,4773,352.64,122,157,234.2,30.2,6.16,49.4,1074.6,20,400,394.5,4773,1167,6.71,35.66,65.21,9.68,1300
2021/9/27,238,7.3,4160,519,162,7548,458.96,22,553,288.4,31.25,4.85,47.2,1214.9,14,400,471.9,7548,1103,6.63,35.82,58,11.2,1381
2021/9/28,239,8.2,5370,398,174,6855,502.2,24,979,335,30.41,12.9,44.1,1202.8,14,400,586.3,6855,1089,6.61,35.92,59.4,9.24,1496
2021/9/29,240,8.5,4460,424,228,6325,302.12,24,535,352.7,21.15,10.98,43,852.5,10,400,568.7,6325,1113,6.63,35.95,60.61,8.62,1362
2021/9/30,241,7.8,3690,450,204,3899,193.26,21,340,367.3,21.41,9.79,51.1,1035.2,10,400,579.6,3899,1172,6.67,35.92,64.48,10.28,1386
2021/10/1,242,7.2,3540,501,211,4720,174.4,58,270,252.2,28.75,10.16,57.1,1020.1,12.5,400,528.2,4720,1164,6.71,35.98,63,9.12,1367
2021/10/2,243,7.4,3180,541,154,4323,236.3,62,223,189.1,43.08,8.32,59.2,975.3,17,401,501.6,4323,1178,6.75,36.06,66.08,10.35,1282
2021/10/3,244,7.3,3440,635,228,3591,118.02,70,242,192,41.5,8.43,54,956,15,400,434.4,3591,1230,6.79,36.12,55.79,8.98,1337
2021/10/4,245,7.6,4040,640,105,5136,147.5,30,499,150.6,53.65,9.57,73.4,1493.2,15,400,358.8,5316,1427,6.81,36.18,55.8,8.35,1250
2021/10/5,246,7.3,4310,616,140,5340,311.32,46,566,222.9,82,11.68,105,1028.6,13,400,400.5,5340,1413,6.82,36.16,60,8.78,1259
2021/10/6,247,7.2,4330,640,109,5620,123.88,70,628,236.5,75.25,12.61,112,1145.9,13,400,386,5620,1429,6.83,35.98,57.5,8,1198
2021/10/7,248,7.2,4780,625.8,103,5103,230.66,92,800,229.4,78.28,11,120.8,1270.6,12,400,404.8,5103,1430,6.86,35.9,67.82,10.58,1266
2021/10/8,249,7.3,4990,611.6,112,5598,197.78,50,760,289.9,78.41,11.5,126.4,1211.3,12,400,352.7,5598,1523,6.87,35.67,72.74,8.68,1239
2021/10/9,250,7.1,4540,597.4,118,5938,123.74,76,668,260.8,81.5,15,110.3,1224,12,400,325.5,5938,1617,6.87,35.58,72.5,8.05,1208
2021/10/10,251,7,4100,583.2,112,4891,180,104,614,280.1,62.12,18.98,90.4,1123,13,400,353.3,4891,1613,6.89,35.64,75.38,9.85,1317
2021/10/11,252,7.2,3900,569,110,3894,98.68,16,748,264.5,57.22,13.5,89.3,929.3,13,400,387.2,3894,1680,6.89,35.38,76.9,9.13,1220
2021/10/12,253,7.1,4140,594,105,4671,149.32,140,531,280,56.79,11.85,87.2,1010.4,18,400,376.9,4671,1658,6.88,35.43,76.29,8.58,1416
2021/10/13,254,6.9,4000,534.5,119,4662,191.14,122,498,202.8,56.75,16.08,90.9,983.8,18,400,399.9,4662,1649,6.88,35.4,92,8.55,1484
2021/10/14,255,6.9,4180,475,108,4532,102.4,148,550,244,57.41,14.18,89.5,1026.1,18,400,452,4532,1618,6.87,35.44,75.33,8.98,1737
2021/10/15,256,6.9,4150,537.5,103,4927,121.48,90,563,244.5,61.56,26.25,93.5,1124.2,18,400,455.6,4927,1586,6.86,35.31,62.36,9.27,1691
2021/10/16,257,7.1,3950,600,95,4972,181.5,144,418,217,59.75,26.1,92,1149.6,13,400,531.8,4972,1586,6.81,35.14,71.4,13.92,1804
2021/10/17,258,7.1,3490,607.5,94,4641,122.69,72,322,214,58.5,17.02,87.1,1113.9,13,400,591.1,4641,1586,6.8,34.97,72,14.37,1992
2021/10/18,259,7,3510,615,126,4629,120.3,140,290,231.7,55.23,12.85,81.1,1064.9,13,400,571.2,4629,1586,6.79,34.95,77.72,10.1,2131
2021/10/19,260,6.9,3250,622.5,88,4440,85.71,100,262,233.4,44.82,17.65,62.1,951.1,13,400,648,4440,1586,6.8,34.97,74.82,14.98,2003
2021/10/20,261,6.9,3180,630,121,3348,63.95,152,293,250.6,65.47,12.93,78.4,855.5,13,400,602,3348,1586,6.79,34.92,78.21,14.02,2273
2021/10/21,262,6.9,3010,627,122,3204,76.16,126,239,295.1,58.5,8.25,75.4,809.5,13,400,617.1,3204,1586,6.8,34.88,86.5,14.5,2378
2021/10/22,263,6.8,3210,586,114,3350,77.69,146,129,310.3,43.75,4.3,58.1,937.2,13,400,635.9,3350,1586,6.8,34.89,76.47,7.88,2039
2021/10/23,264,7,3180,624,129,3697,72.5,76,137,297.2,44.16,12.52,53.8,1063.7,13,400,603.2,3697,1586,6.81,34.89,74.33,7.25,2103
2021/10/24,265,7.1,3310,659,152,3600,134.92,92,89,289.1,55.87,22.82,58.4,993.4,13,400,618.3,3600,1586,6.81,34.83,76.79,6.49,2095
2021/10/25,266,7.1,3130,819,123,4004,114.64,104,121,283,52,8.96,59.5,1017.4,13,400,650.2,4004,1586,6.81,34.82,76.5,15,2117
2021/10/26,267,6.9,3180,829,119,3967,152.78,94,95,214.6,43.34,4.76,52.4,1152.9,13,400,612.9,3967,1586,6.8,34.84,69.07,16.6,2081
2021/10/27,268,6.8,3160,574,134,4631,129.82,44,100,312.5,43.53,4.3,53.6,1174,13,400,676.7,4631,1586,6.8,34.99,77.82,16.98,2232
2021/10/28,269,7.2,3290,807,132,4032,90.42,53,101,238,54.1,3.39,30.2,1207.1,13,400,697.8,4032,1586,6.79,34.78,72.01,15.1,2150
2021/10/29,270,7.2,3080,752,135,4170,134.52,174,65,250.4,47.5,3.3,32,1220.3,13,400,748.3,4170,1586,6.78,34.73,77,14.3,1964
2021/10/30,271,6.9,3410,651,139,3919,88.94,122,193,260.5,43.77,2.88,15.4,1131.2,13,250,677.9,3919,1586,6.8,34.33,72.78,13.25,1992
2021/10/31,272,7.4,3910,798,150,3980,128.32,136,377,348.5,42.14,2.98,14.2,1119.2,13,250,701.4,3980,1586,6.8,34.26,79.72,11.92,1867
2021/11/1,273,7.2,4610,703,154,5500,151.02,56,528,350,35.8,3.06,11.4,1234.8,13,250,696,5500,1586,6.8,34.28,81.28,12,1835
2021/11/2,274,7.3,4680,726,157,6003,173.07,82,448,351.4,33.5,2.9,26.2,1295.6,12,250,709.2,6003,1732,6.77,34.21,78,10.65,2020
2021/11/3,275,8.1,4560,665,147,6123,140,80,427,386.2,28.75,3.5,24.2,1581.6,12,250,792.3,6123,1913,6.76,34.15,72,10.78,2130
2021/11/4,276,6.6,4320,604,227,6384,199.3,98,376,320.6,29.29,2.87,36.7,1523.2,11,250,829.6,6384,1672,6.75,34.17,65.63,10.27,1763
2021/11/5,277,7.8,4040,683,130,5920,215.04,68,176,309.2,33.1,12.02,48.4,1540,12,250,687.5,5920,1569,6.73,34.22,57.92,9.62,1979
2021/11/6,278,7.3,4030,703,156,6113,190.74,88,111,376.8,36.5,17.4,47.7,1535.2,12,250,761.6,6113,1642,6.73,34.15,64.5,9,1944
2021/11/7,279,6.9,3660,635,133,5519,174,106,130,328.5,42.31,16.6,54.6,1428.6,11,250,950.6,5519,1860,6.83,34.02,58.78,10.32,2091
2021/11/8,280,6.8,3440,553,121,5533,201.02,100,89,286.9,39.15,21.9,63.6,1509.3,13,250,863.3,5533,1359,6.86,34.06,58.21,10.75,1996
2021/11/9,281,7.1,3030,523,92,6938,181.9,122,77,179.4,42.44,16.3,59.9,1364.2,12,250,844.7,6938,1815,6.84,34.3,61,11.58,2023
2021/11/10,282,6.9,2810,412,64,6252,203.6,146,75,164.2,40.75,27.35,60.6,1205.3,12,250,775.4,6252,1716,6.86,34.67,56.54,11.5,1787
2021/11/11,283,6.8,2730,573,46,4860,195.25,130,83,142.8,33.05,32.62,42.1,1203.5,14,250,718.8,4860,1495,6.88,35.55,56.27,12.9,1739
2021/11/12,284,7,2880,380,39,6338,175,124,110,135,29.42,34.95,49.7,1384.7,11,250,658.6,6338,1376,6.91,35.9,49.31,14.5,1338
2021/11/13,285,6.8,2500,424,33,5741,224.2,86,145,105.9,45.33,33.13,52.7,1150.5,12,250,546.7,5741,1585,6.93,35.83,53.89,15.68,1545
2021/11/14,286,7,2870,419,39,5100,186.9,72,309,143.2,39,24.28,70,1146.3,13,250,528,5100,1564,7.01,36.13,60.5,20.75,1355
2021/11/15,287,6.7,3310,367,48,4686,171.08,110,322,160.4,43.75,24.9,67.6,1077,13,250,396.7,4686,2091,7.09,35.2,74,19.88,1185
2021/11/16,288,6.9,3250,334,56,4483,160.08,160,489,172.3,45.77,26.5,82.3,1419.6,14,250,259.5,4483,2132,7.2,36.06,70.66,24.48,1462
2021/11/17,289,6.8,3370,408,64,4573,128.12,195,376,129.4,51.18,23.34,80.2,1298,14,250,251.1,4573,2173,7.08,36.86,92.85,22.6,1244
2021/11/18,290,6.9,3320,402,58,5139,157.04,130,380,145.4,54,27.69,70,1319.7,14,250,293.8,5139,2214,7.08,37.61,97,31.65,1084
2021/11/19,291,6.6,3200,366,56,5445,147.96,254,357,145.3,50.2,22.28,66.2,1287.2,15,250,258.3,5445,2202,7.08,37.63,91.95,25.92,1231
2021/11/20,292,7,3160,388,63,4698,136.44,126,380,145,49.68,24,59.2,1324.5,17,250,272.1,4698,2121.2,7.08,37.52,89.55,23.18,1178
2021/11/21,293,7.8,3010,345,57,4562,103.14,102,350,177,45.88,26.72,59,1105.9,17,250,298.6,4562,2040.4,7.08,37.39,91.98,26.95,1215
2021/11/22,294,6.7,3120,348,65,4980,117.08,44,362,143.6,43.75,27.13,57.5,1292.6,17,250,237.2,4980,1959.6,7.09,37.12,93.5,26.92,1243
2021/11/23,295,7.1,2890,391,64,4656,115.86,76,286,130.9,40.54,19.12,48.6,1117.4,17,250,277.5,4656,1878.8,7.07,36.86,87.35,27.12,1203
2021/11/24,296,6.7,3140,277,63,4057,94.08,88,280,102.8,25.88,12.38,42.2,1188.4,23,250,242,4057,1798,7.06,36.76,85.04,28.72,1069
2021/11/25,297,6.7,3300,378,72,5518,129.26,130,321,150.2,40.05,13.62,45.5,1441.9,23,250,222.2,5518,1730.5,7.02,37.01,83.19,25.02,1091
2021/11/26,298,7,3410,219,80,5882,145.1,34,432,170,49,8.17,60,1244.4,23,251,218.5,5882,1663,7.07,37.37,84,25,1285
2021/11/27,299,6.2,3510,286,99,5408,137.88,74,429,145,63.62,5.63,85.6,1139.1,24,250,299.2,5408,1595.5,7.07,37.39,80.02,24.85,1240
2021/11/28,300,7.1,3270,376,110,4713,169.9,124,462,166.1,52.12,5.44,81,1043.9,24,250,273.9,4713,1528,7.07,37.29,76.21,25.25,1128
2021/11/29,301,7,3540,368,86,5590,162.56,144,414,152,48.02,4.72,58.3,1208.8,24,250,251,5590,1745,7.06,37.23,84.61,28.44,1284
2021/11/30,302,7,3260,376,114,5281,139,30,410,206.7,55.25,4.8,75.6,1177.9,24,250,292.2,5281,1857,7.07,37.09,85,32.5,1224
2021/12/1,303,6.8,3210,278,117,5177,157.88,120,419,143.1,41.03,4.62,61.2,1137.3,22,260,255.2,5177,1670,7.07,36.82,88.97,34.05,1466
2021/12/2,304,6.8,3260,350,79,4911,145.64,120,414,161,42.86,4.87,57,1173.7,26,260,260.1,4911,1580,7.05,36.65,89.43,36.88,1134
2021/12/3,305,6.4,3840,315,93,5773,153.88,66,374,151.6,43.69,6.26,53.4,1257.3,26,260,280.7,5773,1577,7.04,36.52,91.67,38.55,1301
2021/12/4,306,6.7,3290,398,115,5547,117.8,97,433,129.3,48.89,6.34,66,1204.6,24,260,272.8,5547,1833,7.05,36.56,92.38,42,1306
2021/12/5,307,6.5,2720,396,78,4969,114.64,28,325,114.8,49.13,7.6,61.5,1124,24,260,293.4,4969,1766,7.04,36.75,95.36,43.9,1286
2021/12/6,308,6.6,2260,412,71,4341,89.2,36,130,100.2,25.76,8.12,28.5,1206.4,30,260,359.5,4341,1643,7.04,37.07,78.9,42.22,1254
2021/12/7,309,6.5,2390,436,76,5521,121.46,66,60,149.2,20.88,9.21,26.8,1164.6,30,260,268.6,5521,1796,7.04,37.26,92.41,45.48,1368
2021/12/8,310,6.5,2530,524,90,5088,131.56,32,59,126.3,12.51,11.08,15,1386.5,30,260,281.9,5088,1865,7.02,36.54,77.05,48.5,1388
2021/12/9,311,6.6,2600,698,139,5057,132.78,110,136,152.6,17.64,9.55,20.7,1259.8,36,260,287.4,5057,1691,7,36.12,72.75,44.85,1187
2021/12/10,312,6.9,2820,523,97,4771,139.52,96,257,158.4,14.42,7.5,28.1,1308.3,36,260,271,4771,1575,7.02,36.34,70.58,50.58,1112
2021/12/11,313,6.7,2780,414,119,4970,98.82,52,270,185,13.64,7.52,15,1233.1,36,260,271,4970,1663,7.03,36.72,74.11,50.22,1270
2021/12/12,314,6.9,2531,517,126,5707,114.32,84,77,140.2,14.4,9.31,32.7,1493.8,40,260,258.9,5707,1894,7.04,36.91,87.44,46.95,1151
2021/12/13,315,6.9,2510,583,77,5474,185.76,78,67,145,18,7.9,32.1,1375,40,260,382.5,5474,1910,7.04,37.05,84.15,53.4,1275
2021/12/14,316,6.7,2380,586,131,4608,186.18,100,42,103.9,17.82,9.98,22,1387.1,40,260,275.8,4608,1761,7.02,37.02,93.37,60.52,1159
2021/12/15,317,6.8,2460,506,62,5561,174.98,100,4.99,150.5,16.77,9.7,24.7,1349.5,40,260,273.4,5561,1848,7.03,37.06,83.9,54.97,1180
2021/12/16,318,7.2,2330,598,46,5506,166.06,42,15,153.5,19.79,8.74,35,1473.2,47,300,363.7,5506,1829,7.02,37.37,81.74,51.25,1103
2021/12/17,319,6.8,2330,585,47,5214,184.1,88,25,95.6,23.56,7.29,23.1,1404.1,47,300,330.4,5214,1818,7.03,37.49,85.73,50.08,939
2021/12/18,320,6.9,2390,542,97,5600,183.98,82,75,128.4,17.68,7.49,39.7,1401.6,47,300,295.2,5600,1826,7.02,37.43,79.63,43.88,1200
2021/12/19,321,6.8,2520,512,86,5621,158,88,4.99,180,19.33,8.1,31,1354.3,55,300,272.2,5621,1648,7,37.4,85.61,43.75,1241
2021/12/20,322,7.1,2420,490,63,5755,164.28,94,8,129.2,14.88,6.94,22,1301,55,300,293.4,5755,1554,6.99,37.31,75.65,42.25,1090
2021/12/21,323,6.5,2480,476,124,5560,163.07,63,25,142.3,12.98,6.5,24,1405.9,55,300,343.7,5560,1604,6.98,37.21,67.13,43.02,1196
2021/12/22,324,6.9,2531,349,54,5432,195.72,60,21,116.7,20.48,7.02,22.1,1485.3,55,300,327.4,5432,1530,7.03,37.19,62.5,37.25,1124
2021/12/23,325,7,2500,554,47,5949,196,92,4.99,124.9,22.15,9.35,14,1403.4,55,300,336.5,5949,1723,7,37.2,76.97,34.6,1188
2021/12/24,326,7.1,2360,498,52,5969,183.06,60,29,144,14.76,4.5,15.6,1407.1,66,300,277.7,5969,1530,6.99,37.22,60.59,34.1,1192
2021/12/25,327,6.7,2340,479,46,5773,169.45,54,4.99,90.3,9.85,9,10.1,1367.7,66,300,284.9,5773,1518,6.97,37.09,50.19,32.55,1177
2021/12/26,328,6.9,2320,503,38,5430,188.2,60,4.99,92,16.59,6.41,13.4,1330.1,66,300,297.1,5430,1516,6.96,37,47.84,32.03,1260
2021/12/27,329,6.9,2380,523,54,6315,227.92,108,4.99,123.8,21.75,6.77,9.9,1355.6,54.5,300,296.5,6315,1503,6.92,37.06,52,30.48,1185
2021/12/28,330,7.3,2780,463,51,6478,300.88,80,4.99,50.3,16.08,8.44,10.2,1789,54.5,300,343.7,6478,1452,6.96,37.27,31.4,30.75,1175
2021/12/29,331,7.1,2720,544,39,6104,323.9,60,4.99,73.5,19.77,7,13.3,1756.3,54.5,300,432.9,6104,1647,7.01,37.6,50.81,25.4,1235
2021/12/30,332,6.8,2650,553,38,6470,315.07,80,4.99,59,14.33,7.1,22.2,1870.9,54.5,300,365.6,6470,1785,7.08,37.54,64.7,22.4,1190
2021/12/31,333,6.9,2675,543,29,7025,298.085,63,4.99,53.35,10.75,9.72,10.7,1836,54.5,300,388.6,7025,1843,7.03,37.43,67.86,24.52,1286
2022/1/1,334,7.1,2700,582,23,6738,281.1,46,4.99,47.7,21.23,12.34,11.2,1801.1,54.5,300,454.1,6738,1802,7,37.43,65.52,23.08,1254
2022/1/2,335,6.7,2650,553,22,6630,262.52,56,4.99,52.6,24.3,7.12,9.8,1767.2,54.5,300,415.9,6630,1811,7.04,37.39,75.64,23.6,1275
2022/1/3,336,7,2670,595,22,7087,293.76,68,4.99,41.6,23.18,6.99,22.3,1858.1,54.5,300,414.7,7087,1861,7.07,37.26,56.93,21.62,1319
2022/1/4,337,7.2,2720,550,16,6785,300.2,52,4.99,44.6,25.74,7.68,39.6,1793.9,54.5,300,432.2,6785,1806,7.05,37.37,69.62,21.58,1382
2022/1/5,338,7,2760,644,21,7162,297.2,58,4.99,49.9,33.92,7.69,43.8,1837.5,55,300,412.8,7162,1858,7.04,37.22,80.1,19.38,1365
2022/1/6,339,6.9,2840,633,46,6502,260.32,70,4.99,78.8,37.63,8.89,56.2,1778.1,54.5,300,408,6502,1863,7.07,37.23,66.03,21.05,1348
2022/1/7,340,7.2,2750,646,39,5385,189.6,62,46,71.4,39.6,7.02,48.4,1756.3,74,300,426.2,5385,1857,7.08,37.4,71.97,19.25,1364
2022/1/8,341,7.2,2580,702,40,5391,237.78,62,4.99,79,48.65,6.48,53.5,1601.7,74,300,414.7,5391,1870,7.04,37.52,69.68,16.96,1280
2022/1/9,342,7,2650,601,44,5999,225.8,42,4.99,69.6,58.21,5.58,66.4,1568.9,74,300,364.4,5999,1677,7.02,37.46,76.5,18.13,1352
2022/1/10,343,7,2760,724,32,6011,209.28,36,4.99,67.5,62.18,5.89,81,1583.5,74,300,380.7,6011,1755,7.04,37.56,84.6,14.1,1359
2022/1/11,344,7.1,3230,754,43,5674,261.54,60,105,79.7,84.54,16.74,78.2,1632.6,74,300,406.8,5674,1807,7.06,37.61,78,13.85,1297
2022/1/12,345,7.2,3160,758,58,5535,203.98,90,183,93.6,96,16.58,93.8,1575,74,300,384.4,5535,1742,7.05,37.64,85.58,18.72,1284
2022/1/13,346,7.1,3480,722,47,5672,268.1,60,203,97.2,93.17,17.47,91.7,1769,74,300,348.6,5672,1841,7.07,37.52,89.08,19.62,1352
2022/1/14,347,7.4,3350,748,43,5739,223.12,48,179,80,86.06,17,98.3,1705.4,74,300,345,5739,1904,7.08,37.41,82.06,17.9,1345
2022/1/15,348,7,3240,755,30,6356,211.02,74,120,56.7,90.39,17.62,100.8,1770.2,80,300,381.9,6356,2028,7.09,37.42,86.44,20.08,1417
2022/1/16,349,6.9,3310,838,35,6598,256.4,94,83,42.4,102.35,16.94,86,1731.4,80,300,392.8,6598,1996,7.11,37.52,99,20.32,1589
2022/1/17,350,7,3380,727,43,6266,225.62,88,41,37.4,99.37,16.45,94.1,1868.4,80,300,386.2,6266,1872,7.09,37.62,88.49,21.15,1603
2022/1/18,351,7,3380,771,39,6545,228.51,74,46,34,80.21,15.93,80.2,1869.6,80,300,361.9,6545,1881,7.09,37.6,77.44,20.02,1571
2022/1/19,352,7,3230,809,30,5796,190.15,70,72,28.8,94.08,12.79,87.4,1840,80,300,389.8,5796,1873,7.09,37.59,72.88,21.45,1487
2022/1/20,353,7.1,3280,787,30,5970,258.32,78,61,33.8,92.5,9.4,90.2,1700.9,80,300,386.8,5970,1969,7.1,37.52,75,20.25,1550
2022/1/21,354,6.9,3160,690,36,6111,167.96,92,43,43,78.29,9.3,79.2,1659.4,90,300,361.2,6111,1950,7.09,37.39,70.15,18.78,1459
2022/1/22,355,6.9,3240,664,38,6205,161.38,70,50,46.1,78.05,9.4,64,1736.3,90,300,333.1,6205,1876,7.07,37.43,70.52,14.98,1433
2022/1/23,356,7.4,3170,804,25,6410,149.76,68,60,32.2,76.51,9.75,68.4,1812.5,90,300,343.5,6410,1835,7.09,37.44,60.98,15.58,1406
2022/1/24,357,7.2,3100,628,23,5810,134.56,58,45,35.4,73.3,8.97,75.1,1635.6,90,300,336.8,5810,1841,7.09,37.4,65.89,14.68,1395
2022/1/25,358,6.9,3110,678,21,6270,259.4,54,36,33.8,78.16,9.23,74.2,1702.1,90,300,346.5,6270,1815,7.2,36.83,64.54,14.15,1457
2022/1/26,359,7.1,3540,640,38,5911,168.7,90,37,159.6,80.11,8.5,79.2,1680.8,90,300,319.1,5911,1767,7.09,37.25,76.88,13.58,1452
2022/1/27,360,6.9,3300,556,54,5683,188.94,86,48,111.4,67.8,8.39,67.9,1785.7,90,300,392.9,5683,1791,7.09,37.46,62.76,11.82,1669
2022/1/28,361,7.3,3420,666,45,6189,121.1,82,70,87.2,72.7,9.73,59.8,1654.5,90,300,366,6189,1840,7.09,37.56,72.31,13.37,1383
2022/1/29,362,7.2,3240,552,46,5875,130.23,72,70,83.2,65.76,8.69,65.8,1622.8,90,300,308.1,5875,1676,7.08,37.65,64.88,13.35,1410
2022/1/30,363,6.8,3190,656,44,5937,149.98,118,102,74,63.87,9.89,61.1,1552.7,90,300,333.1,5937,1770,7.09,37.61,65.87,11.6,1396
2022/1/31,364,7.3,3120,651,46,5086,133.26,56,70,73.2,60.35,11.9,87.9,1541.7,90,300,348.4,4495,1782,7.11,37.6,61.18,13.6,1394
2022/2/1,365,6.9,3180,640,46,5632,156.82,54,86,67,76.68,10.48,75.4,1770.5,90,300,317.9,5632,1846,7.11,37.62,70.66,11.93,1374
2022/2/2,366,6.9,3170,613,42,5585,153.72,60,102,68.8,69.81,11.4,72.5,1789.4,90,300,357.5,5585,1867,7.1,37.57,66.45,15.68,1313
2022/2/3,367,6.9,3180,661,38,5783,148.7,38,63,77.4,73.48,12.93,76.2,1737.5,90,300,353.8,5783,1778,7.1,37.52,65.84,12.85,1344
2022/2/4,368,7,3155,665,39,5733,181,56,68,69.3,66.22,13.77,75.2,1780.8,90,300,369.7,5733,1792,7.11,37.52,59.73,16.81,1328
2022/2/5,369,7,3220,615,46,5844,142,56,58,85.1,72.62,13.81,76,1707,90,300,362.4,5844,1854,7.14,37.53,62.5,13.7,1417
2022/2/6,370,7,3310,655,44,6240,129.52,74,72,74.8,76.05,12.85,85.3,1882.7,90,300,367.9,6240,1894,7.13,37.49,69.37,13.78,1431
2022/2/7,371,7.1,3350,631,39,5887,125.46,72,57,85.1,86.72,13.5,90.3,1802.2,90,300,345.9,5887,1839,7.13,37.52,77.5,12.15,1312
2022/2/8,372,7,3210,613,30,6368,153.26,78,69,69,76.95,13.97,91.2,1934.6,90,300,378.2,6368,1851,7.14,37.46,73.09,15.07,1287
2022/2/9,373,7.2,3090,656,32,6319,182.78,74,42,64.1,81.36,14.54,85.1,1901,90,300,400.8,6319,1789,7.13,37.49,84.24,13.92,1419
2022/2/10,374,7.2,2770,606,29,5797,136.92,92,15,59.1,75.32,13.75,66,1680.2,90,300,359.9,5797,1817,7.12,37.54,74.52,15.75,1553
2022/2/11,375,6.9,2940,561,23,6013,170.98,84,7.999,51.3,76.2,14.95,76.6,1719.8,90,300,378.9,6013,1736,7.11,37.54,69.84,13.12,1386
2022/2/12,376,6.7,3080,720,31,5772,161.82,74,7.999,55.1,70.03,13.75,75.6,1801,90,300,352,5772,1723,7.11,37.58,69.44,16.1,1312
2022/2/13,377,7,2950,596,36,6122,138.4,62,7.999,44,68.43,13.15,81.5,1705.2,90,300,334.9,6122,1684,7.1,37.53,68.52,16.25,1248
2022/2/14,378,7.2,2900,600,23,5531,163.58,58,7.999,35.1,77.66,13.97,78.4,1790.6,90,300,401.4,5531,1694,7.1,37.5,68.08,16.15,1318
2022/2/15,379,7.1,3010,630,24,5511,144.04,42,7.999,55.5,73.11,15.4,84.6,1792.4,90,300,369.7,5511,1691,7.1,37.47,64.42,15,1263
2022/2/16,380,7.4,2910,641,26,5962,161.98,32,7.999,31.1,73.3,17.7,78.5,1837,90,300,438,5962,1710,7.09,37.5,65.53,16.82,1380
2022/2/17,381,7.2,2980,628,32,6262,172.07,56,7.999,27.7,91.17,18.38,82.2,1808.3,90,300,439.3,6262,1727,7.09,37.45,68.01,15.68,1376
2022/2/18,382,7,2970,649,26,6092,196.63,72,17,28.4,88.82,19.07,91.2,1749.1,90,300,435,6092,1746,7.07,37.46,81.81,16.4,1405
2022/2/19,383,7.2,2840,633,27,5921,205.4,72,7.999,48.8,82.3,21.57,79.7,1780.2,90,300,430.1,5921,1742,7.07,37.51,69.94,16.85,1339
2022/2/20,384,7,2780,683,23,5667,142.22,52,7.999,41.7,92.49,18.2,88.1,1750.3,90,300,446,5667,1713,7.08,37.46,74.92,17.72,1341
2022/2/21,385,6.7,2930,629,28,5356,157.03,48,7.999,68.9,85,17.55,84.8,1697.9,90,300,389.2,5356,1635,7.06,37.54,69,16.52,1346
2022/2/22,386,7.5,2940,485,38,5717,160.17,24,7.999,72.7,84.54,17.98,89,1605.1,90,300,385,5717,1572,7.05,37.5,80.23,17.1,1312
2022/2/23,387,7.2,2910,685,37,5460,165.42,24,7.999,88.2,73.48,17.66,75,1548.4,90,300,373.4,5460,1636,7.06,37.48,62.19,17.9,1294
2022/2/24,388,8.4,2760,572,30,5458,197.26,28,7.999,54.6,91.57,18.15,77.5,1562.4,90,300,338,5458,1560,7.06,37.52,77.01,19.32,1353
2022/2/25,389,8.2,3070,516,23,5910,176,54,60,65,84.86,18.52,85.8,1627.1,90,300,407.5,5910,1528,7.06,37.54,57.95,15.8,1293
2022/2/26,390,7.2,3180,583,31,5910,179.86,52,147,75.8,83,17.93,85,1658.2,90,300,361.2,5910,1663,7.08,37.56,69,16.82,1342
2022/2/27,391,7.3,3260,594,31,5779,132.81,62,160,92,84.31,18.18,87.1,1680.8,90,300,397.8,5779,1632,7.1,37.48,73.52,16.93,1365
2022/2/28,392,8,2970,545,24,5607,160.84,34,45,42.4,93.05,13.4,80.4,1694.8,90,300,396.6,5607,1706,7.09,37.49,73.75,16.22,1361
2022/3/1,393,7.8,3020,587,25,5839,151.65,36,7.999,80.1,96,19.48,94.7,1828.4,90,300,372.1,5839,1712,7.09,37.61,73.63,18.3,1483
2022/3/2,394,8.7,3000,564,24,6188,182.43,50,7.999,147.1,89,18.24,92.7,1788.8,90,300,375.2,6188,1718,7.1,37.61,80.4,18.5,1418
2022/3/3,395,7.5,2910,658,24,5897,169.68,72,7.999,110.6,99.03,18.42,72.5,1702.1,90,300,381.9,5897,1693,7.08,37.59,90.78,16.38,1343
2022/3/4,396,7.9,2970,682,16,5726,190,66,7.999,33.7,79.8,19.62,63.1,1733.2,90,300,351.4,5726,1641,7.09,37.6,71.35,17.58,1404
2022/3/5,397,8.5,2930,611,26,6208,186.4,82,7.999,52.4,76.75,17.75,76.5,1839.4,90,300,389.2,6208,1663,7.11,37.58,66.24,18.25,1405
2022/3/6,398,7.1,2980,655,21,6140,166.86,68,7.999,62.4,72.36,18.86,79,1801.6,90,300,437.4,6140,1682,7.1,37.49,69.34,18.52,1424
2022/3/7,399,7.2,2900,555,24,5981,140.15,80,7.999,38.8,89.44,17.82,79.1,1680.8,90,300,387.4,5981,1672,7.09,37.45,69.09,17.82,1360
2022/3/8,400,7.3,2820,585,24,5813,150,60,7.999,45,96,16.55,77,1513,90,300,344.1,5813,1594,7.08,37.5,75.64,19.75,1378
2022/3/9,401,7.5,3010,576,20,5950,130.44,40,7.999,43.1,105,19.12,76.8,1589.9,90,300,349.6,5950,1643,7.09,37.65,75.76,17.32,1302
2022/3/10,402,7.5,2990,639,24,5799,133.46,90,7.999,47.1,93.36,18.77,91.3,1685,90,300,385,5799,1652,7.08,37.58,74.34,17.05,1396
2022/3/11,403,7.8,3160,684,25,5889,135.24,85,7.999,46.5,96,19.84,89,1819.9,90,300,400.8,5889,1635,7.08,37.47,76,16.48,1428
2022/3/12,404,7.9,3190,698,52,5955,166.96,112,7.999,95.2,98.58,21.35,76.3,1632.6,90,300,463.7,5955,1652,7.08,37.41,77.06,17.05,1388
2022/3/13,405,7.3,3200,593,29,6290,145.1,86,7.999,101.2,76.42,21.97,70.5,1628.9,90,300,356.3,6290,1614,7.08,37.52,75.66,17.7,1490
2022/3/14,406,7.6,3180,633,44,6276,152.7,154,50,128.2,82.76,23,81.3,1607,90,300,402.7,6276,1677,7.09,37.56,69.02,20.55,1452
2022/3/15,407,8.2,3400,617,46,5995,145,110,199,321.4,69,22.85,70,1572.8,90,300,371.5,5995,1716,7.1,37.54,65.5,19.85,1501
2022/3/16,408,7,3640,630,39,6058,128.26,134,71,251,68.25,22.76,68.8,1663.1,90,300,408.1,6058,1698,7.09,37.49,71,19.4,1351
2022/3/17,409,8.7,3820,612,42,5781,158.4,114,202,223.2,63.48,21.36,61.2,1579.6,90,300,359.9,5781,1710,7.1,37.46,53.78,16,1360
2022/3/18,410,7.3,4060,651,162,5913,181.23,70,174,219.7,68.08,20.96,59.6,1699.8,87.5,300,347.1,5913,1769,7.1,37.43,62.23,14.82,1383
2022/3/19,411,7.1,3986,603,202,6315,233.4,72,100,268.5,72,19.74,60.5,1637.3,87.5,300,387.2,6315,1842,7.13,37.46,63,15.35,1437
2022/3/20,412,8.4,3980,639,161,6502,215.8,102,153,219.4,57.81,20.85,61.8,1785.9,87.5,300,401.7,6502,1830,7.16,37.43,57.5,14.25,1507
2022/3/21,413,7.2,4300,580,161,6186,172.44,102,178,269.4,65.73,18.02,62.5,1789.6,87.5,300,345.3,6186,1929,7.17,37.5,66.8,14.55,1488
2022/3/22,414,7.3,3910,605,148,6471,248.2,94,156,161.8,68.47,22.3,62.6,1790.2,87.5,300,395.1,6471,1975,7.18,37.56,64.53,15.3,1486
2022/3/23,415,8.3,3846,585,169,7025,232.3,80,169,206.6,75,22.81,66.9,1790.2,75,300,375.6,7025,1949,7.18,37.52,69,15.92,1532
2022/3/24,416,7.1,4380,606,187,7034,189,132,196,224.3,80.66,25.46,70.5,1765.9,75,300,363.5,7034,2000,7.19,37.45,75.82,15.45,1571
2022/3/25,417,7,4510,638,143,7880,139.18,112,160,273,73.5,20.86,64.5,1912.2,75,300,344.1,7880,1992,7.2,37.48,67.91,16.22,1502
2022/3/26,418,7,4510,615,103,7448,256.4,92,161,250.2,73.45,20.8,63.8,1934.6,75,300,396.3,7448,2008,7.22,37.43,69.78,15.58,1655
2022/3/27,419,7.5,4590,653,137,7480,268.1,112,174,265.9,71,23.27,61.4,1935.2,75,300,413.3,7480,2065,7.23,37.49,71,16.5,1610
2022/3/28,420,7.1,4450,619,184,7006,316.77,86,295,241.6,73.8,21.83,59.4,1942.5,75,300,410.8,7006,2095,7.24,37.51,70.19,16.02,1416
2022/3/29,421,7,4530,651,173,7245,285.4,114,178,196.4,66.49,22.61,63.6,1935.2,75,300,413.3,7245,2196,7.24,37.52,63.92,15.18,1503
2022/3/30,422,6.8,4380,664,177,7164,232.5,98,188,192.8,62.2,17.05,64.2,1950.4,75,300,394.4,7164,2232,7.24,37.5,61.77,16.22,1452
2022/3/31,423,6.9,4970,674,197,7470,296.9,118,354,187.9,69,16.7,62,1978.3,75,300,402.9,7470,2281,7.26,37.46,70,15.5,1547
2022/4/1,424,7.2,5050,671,165,7592,219.71,114,349,277.2,66.39,22.25,59.1,1984.4,75,300,399.3,7592,2161,7.25,37.43,78.85,15.18,1459
2022/4/2,425,7.4,4858,686,166,7094,221.74,46,332,282.9,70.15,20.45,60.7,1968,75,300,419.9,7094,2288,7.24,37.45,70.7,15.25,1491
2022/4/3,426,6.9,4960,692,180,7760,231.05,100,347,265.2,63,21.07,59.7,1977.1,72.5,300,436.3,7760,2343,7.25,37.49,68.5,15.02,1422
2022/4/4,427,7,5150,685,326,7984,246.89,50,387,310.7,67.07,21.25,62.8,2010.5,72.5,300,441.8,7984,2455,7.26,37.46,66.69,15.9,1604
2022/4/5,428,7.1,5180,697,316,8820,266.73,62,405,307.3,80.04,21.82,62.8,2008.6,72.5,300,443.6,8820,2469,7.26,37.45,74.68,15.25,1633
2022/4/6,429,7.1,5400,703,337,7064,247.52,56,498,345.4,71.49,22.45,61.8,2063.9,72.5,300,475.8,7064,2498,7.27,37.5,64.39,14.98,1604
2022/4/7,430,8.7,5290,756,186,8096,244.61,50,476,337.2,66.17,19.9,62.2,2191.3,72.5,300,489.1,8096,2643,7.28,37.41,71.14,15.1,1835
2022/4/8,431,7,5530,697,155,8279,234.22,84,445,341,71.97,21.42,56.8,2198,72.5,300,472.1,8279,2695,7.19,37.46,71.11,14.48,1820
2022/4/9,432,6.7,5380,770,222,9010,259.68,44,352,321.9,76.16,19,58.9,2350.9,72.5,300,497.6,9010,2680,7.2,37.6,76.69,15.82,1814
2022/4/10,433,7.3,5300,736,74,7980,290.68,84,397,334.4,72.94,20.02,61.2,2209.5,72.5,300,481.8,7980,2708,7.2,37.62,71.57,15.07,1861
2022/4/11,434,7.2,5240,777,61,7627,232.36,48,423,267.5,64.64,18.78,56.3,2319.9,72.5,300,514.6,7627,2846,7.21,37.6,64.9,16.36,1598
2022/4/12,435,6.6,5020,728,56,8304,301.3,52,308,256.4,49.28,20.4,65.9,2163.4,72.5,300,544.3,8304,2793,7.22,37.64,72.91,15.12,1622
2022/4/13,436,7,4850,554,79,7720,199.91,66,335,257.4,43.82,21.7,58.7,1858.8,72.5,300,500.6,7720,2744,7.22,37.47,66.46,15.85,1611
2022/4/14,437,6.8,4760,544,77,8453,216.41,45,260,247.7,40.46,21.96,64.2,2085.1,72.5,300,435.1,8453,2693,7.21,37.3,65.2,17.3,1589
2022/4/15,438,6.8,4390,634,46,8206,222.61,60,129,189.5,32.44,22.82,59.2,2327.2,72.5,300,487.3,8206,2680,7.21,37.44,63.07,16.55,1612
2022/4/16,439,6.8,4090,632,70,7766,196.4,66,120,129,37.13,20.78,60.3,2306,72.5,300,509.7,7766,2821,7.21,37.55,67.44,16.25,1615
2022/4/17,440,6.8,3840,641,32,7428,240.69,74,32,120.4,51.89,23.39,60.2,2029.9,72.5,300,489.1,7428,2621,7.22,37.78,68.57,18.92,1535
2022/4/18,441,7,3912,538,26,9120,203.78,86,62,86.8,36.4,22.64,59.2,2315.1,72.5,300,430.9,9120,2473,7.23,38.14,62.8,18.08,1602
2022/4/19,442,6.8,4000,563,31,7934,182.57,104,71,68.5,33,23.02,61.7,2034.1,72.5,300,412,7934,2397,7.23,38.16,65,18.85,1532
2022/4/20,443,7.1,3820,660,20,8185,135.66,98,62,62.4,37.17,24.97,58,2171.3,72.5,300,452.1,8185,2462,7.24,37.69,67.95,17.25,1485
2022/4/21,444,6.7,3950,551,21,8387,146.01,80,29,101.6,42.29,25.5,58.1,2208.9,72.5,300,411.4,8387,2478,7.24,37.57,70.38,19.22,1550
2022/4/22,445,7.4,3570,632,30,8436,179.23,108,25,100.2,41.64,23.61,58.1,2315.1,72.5,300,384.7,8436,2356,7.23,37.36,77.47,19.35,1500
2022/4/23,446,6.8,3840,618,21,8453,186.42,110,8,77.1,28.5,23.99,52.4,2244.7,72.5,300,449.7,8453,2485,7.23,37.34,68,19.38,1455
2022/4/24,447,8.7,3870,699,22,8826,157.73,90,8,114.3,29.07,24.57,47.9,2270.2,72.5,300,446,8826,2460,7.24,37.32,67.66,18.5,1504
2022/4/25,448,7.6,3840,608,39,7528,170.46,94,8,115.3,47.76,23.21,50.6,2170.7,72.5,300,386,7528,2458,7.23,37.47,70.63,19.7,1482
2022/4/26,449,7,4090,692,38,8113,160.4,98,8,76,35.05,24.25,56.4,2207.1,72.5,300,339.2,8113,2426,7.22,37.45,71.16,20.25,1433
2022/4/27,450,6.7,3970,713,31,8586,147.28,84,8,116.7,40.52,24.6,61.9,2397,72.5,300,352.6,8586,2355,7.22,37.57,64.98,18.3,1379
2022/4/28,451,6.8,3850,699,28,8300,154.3,37,8,76.2,40.06,25.05,64.6,2345.4,72.5,300,473.3,8300,2414,7.23,37.62,65.05,18.75,1411
2022/4/29,452,7.1,4110,747,39,8118,183.26,68,232,88.3,35.55,22.5,73.1,2262.3,72.5,300,415.7,8118,2416,7.22,37.31,70.22,19.45,1472
2022/4/30,453,6.8,4152,666,157,8025,174.69,80,102,250.3,38.59,18.52,60.3,2163.4,72.5,300,422.4,8025,2469,7.22,37.42,74.21,18.27,1432
2022/5/1,454,6.9,4430,673,213,8050,130.97,77,195,364.3,34,18.27,61.8,2248.9,72.5,300,398.1,8050,2434,7.22,37.46,68.5,17.88,1413
2022/5/2,455,7.8,4580,738,179,8016,183.87,60,201,257.1,41.83,21.63,54.9,2183.4,72.5,300,406.6,8016,2496,7.22,37.45,63.32,16.98,1584
2022/5/3,456,6.8,4512,650,92,6963,185.2,50,101,222.5,52.91,23.18,62.7,2202.8,72.5,300,376.8,6963,2484,7.22,37.48,68.89,19.28,1468
2022/5/4,457,7.7,4010,648,197,8522,174.23,56,178,221.2,40.42,22.11,58,2176.7,72.5,300,421.1,8522,2453,7.21,37.56,73.85,17.47,1444
2022/5/5,458,6.8,4050,632,78,8090,160.98,46,54,212.8,35.75,23.36,54.4,2195.5,72.5,300,437.5,8090,2502,7.22,37.52,66.5,16.78,1447
2022/5/6,459,6.7,4130,685,195,8139,185,60,195,223.7,47.66,22.2,52.9,2221,72.5,300,376.8,8139,2546,7.22,37.45,69.43,16.42,1404
2022/5/7,460,7.4,4110,689,126,8048,192.63,42,135,248.7,50.12,22.44,58.2,2183.9,72.5,300,364.3,8048,2601,7.21,37.46,69.31,17.12,1432
2022/5/8,461,6.6,4200,631,230,8338,139.84,70,205,302.7,38.57,21,54.4,2157.8,72.5,300,402.6,8338,2520,7.2,37.38,58.6,16.55,1515
2022/5/9,462,7.2,4030,600,191,8382,203.82,60,155,252.2,33.07,19.75,48.7,2159,72.5,300,380.1,8382,2476,7.21,37.45,58.39,16.23,1459
2022/5/10,463,7,4520,657,228,7681,192.98,48,440,346,37.82,21.71,30.5,2183.3,72.5,300,399,7681,2463,7.21,37.42,57.71,16.5,1460
2022/5/11,464,6.7,4650,620,211,6546,208.63,54,350,357.2,46.52,16.75,43.7,2161.4,72.5,300,391.7,6546,2480,7.2,37.46,66.4,17.02,1476
2022/5/12,465,7.1,4770,627,194,9560,213.73,48,360,352.2,34.05,20.97,47,2098.8,72.5,300,399.6,9560,2440,7.2,37.48,61.49,17.55,1500
2022/5/13,466,6.3,4760,591,257,8280,175.82,58,355,337.3,39.59,20.26,48.5,2135.9,72.5,300,412.9,8280,2490,7.22,37.52,57.15,15.53,1467
2022/5/14,467,6.7,4760,564,250,8843,136.46,58,304,364.8,36.72,21.7,43.6,2153.5,72.5,300,416.6,8843,2526,7.22,37.48,58.36,15.9,1482
2022/5/15,468,6.7,4650,637,221,7931,122.47,64,127,300,38.44,21.08,40.1,2189.4,72.5,300,391,7931,2545,7.21,37.52,63.88,15.32,1468
2022/5/16,469,7.1,4800,699,131,8743,231.01,70,338,300,43.22,23.2,44.9,2151.7,72.5,300,395.9,8743,2560,7.23,37.55,54.55,15.8,1473
2022/5/17,470,7.2,4960,699,245,8546,206,94,470,319.5,42.23,20.76,32.6,2141.9,72.5,300,442.7,8546,2591,7.24,37.52,56.4,15.55,1458
2022/5/18,471,8.6,5270,774,111,8230,232.56,106,336,403.4,70.7,20.66,30.9,2124.9,72.5,300,432.4,8230,2665,7.24,37.47,61.03,16.25,1480
2022/5/19,472,7.1,5180,791,269,7912,250.16,88,341,419,64.54,21.84,38.3,2186.3,72.5,300,384.4,7912,2792,7.25,37.49,49.57,16.2,1466
2022/5/20,473,8.3,4910,833,269,8105,257.02,114,385,382.7,64.18,21.55,49.5,2166.3,72.5,300,386.2,8105,2683,7.25,37.31,56.82,16.85,1499
2022/5/21,474,8.3,5120,663,269,8430,258.33,76,495,349.1,74.5,21.37,48.6,2143.2,72.5,300,400.8,8430,2596,7.27,37.4,60,15.63,1421
2022/5/22,475,8.4,4890,710,246,8230,239.85,118,236,322.8,74.37,23.24,55.1,2157.1,72.5,300,406.3,8230,2681,7.28,37.48,63.92,16.35,1529
2022/5/23,476,7.1,5000,713,250,7857,231.47,132,381,345,75.84,23.48,63.5,2145.6,72.5,300,394.7,7857,2679,7.27,37.52,61,17.45,1473
2022/5/24,477,7.1,5000,744,246,8145,187.1,118,347,345.4,61.24,22.47,66.1,2166.9,72.5,300,408.7,8145,2624,7.28,37.46,63.82,17.21,1469
2022/5/25,478,7.3,4960,803,243,8065,231.52,106,402,347.1,77.48,24.18,64.3,2250.2,73.5,300,415.4,8065,2690,7.28,37.52,61.9,19.68,1509
2022/5/26,479,7.2,5170,800,103,7983,207.9,96,362,310.5,72,19.38,56.2,2286.7,72.5,300,416.6,7983,2645,7.29,37.42,60.53,16.73,1498
2022/5/27,480,7,5500,761,118,8642,251.5,84,378,363.4,84.88,19.43,61.1,2367.6,72.5,300,447,8642,2749,7.29,37.51,80.04,15.9,1446
2022/5/28,481,7.1,5934,718,125,8431,269.78,84,330,385.4,71.38,23.24,69.4,2306.1,72.5,300,456.7,8431,2755,7.29,37.58,71.66,17.2,1593
2022/5/29,482,7.1,5490,724,169,8640,303.15,106,336,349.4,81.09,18.92,72.7,2421.7,72.5,300,459.2,8640,2720,7.3,37.59,64.53,17.5,1651
2022/5/30,483,7.2,5430,706,234,8477,268.39,108,320,337,87.72,19.74,72,2294.6,72.5,300,478,8477,2742,7.31,37.52,69.26,15.3,1692
2022/5/31,484,8.5,5300,712,120,8563,276.9,116,354,296.5,85.1,20.22,73,2439.9,72.5,300,462.8,8563,2717,7.3,37.49,67.93,16.72,1759
2022/6/1,485,8.5,5670,722,93,8879,235.14,120,315,1025,90.13,20.22,78.5,2403.4,72.5,300,483.5,8951,2840,7.31,37.54,76.48,15.88,1761
2022/6/2,486,7,5470,792,132,8674,190.63,116,324,205.1,88.33,20.72,77.5,2464.3,72.5,300,498.1,8819,2929,7.32,37.55,72.3,18.02,1684
2022/6/3,487,6.9,5650,801,103,9000,244.8,137,347,330.2,87.86,19.24,78,2424.1,72.5,300,485.3,8783,2909,7.32,37.55,84.25,15.55,1806
2022/6/4,488,7,5640,750,143,8290,267.82,128,335,332.6,87.1,24.56,74.3,2458.8,72.5,300,445.2,9155,2791,7.32,37.5,80.26,19.12,1682
2022/6/5,489,7.3,5570,833,135,8547,254.4,146,361,397.3,87.98,20.02,70.2,2345.7,72.5,300,469.5,7789,2835,7.33,37.44,69.36,15.15,1656
2022/6/6,490,7.2,5420,837,110,9087,191.3,128,211,309,79.08,25.17,70.3,2500.8,72.5,300,498.7,9490,2929,7.34,37.51,76.48,18.66,1657
2022/6/7,491,7.1,5510,823,225,8977,256.54,100,309,177.8,85.89,23.1,67.1,2443,72.5,300,488.4,8480,2831,7.33,37.58,72.64,16.45,1560
2022/6/8,492,8.1,5330,799,215,8321,232.74,117,350,274.9,75.34,22.83,71.1,2455.8,72.5,300,498.7,9110,2842,7.32,37.66,73.24,17.82,1794
2022/6/9,493,7,5460,792,206,8968,178.3,118,253,236,90,21.3,66.7,2497.7,72.5,300,492,9220,2850,7.33,37.67,62.59,14.62,1729
2022/6/10,494,8,5510,777,209,9000,188.4,108,220,295.9,86,19.14,65.2,2491.6,72.5,300,470.1,8605,2992,7.34,37.62,53,14.89,1703
2022/6/11,495,7.6,5470,731,131,8580,196.62,60,222,326.2,80.27,20.5,65.7,2430.2,72.5,300,495.7,8372,2907,7.34,37.63,71.24,14.9,1682
2022/6/12,496,7.4,5440,706,93,8420,193,92,412,292.5,74.06,19.7,74.3,2473.4,72.5,300,513.3,8844,2829,7.34,37.6,72.47,15.65,1719
2022/6/13,497,7.5,5260,728,93,8562,259.38,130,342,270.3,73.33,18.06,71.5,2374.9,72.5,300,476.2,8470,2900,7.33,37.58,68.71,14.82,1794
2022/6/14,498,7.2,5400,704,93,9094,181,138,390,308,80.77,18.9,58.8,2329.9,72.5,300,541.3,8050,2795,7.33,37.53,64.48,16.42,1740
2022/6/15,499,7.3,5140,718,95,9271,155.66,102,302,285.3,70.63,18.74,74.3,2171.1,72.5,300,498.7,8118,2850,7.33,37.6,62,16.88,1887
2022/6/16,500,7,5250,759,89,7868,88.74,84,475,332.7,66.17,19.6,69.1,2210.1,72.5,300,479.2,8740,2827,7.33,37.69,71.36,14.5,1805
2022/6/17,501,7,5160,684,82,8271,18.26,82,421,360.7,79.78,19.5,71.9,2086,72.5,300,514.5,7600,2786,7.32,37.77,73.7,15.06,1700
2022/6/18,502,7.2,5150,720,118,7975,37.25,98,243,277.4,84.58,19.09,71,2090.2,72.5,300,488.4,8789,2821,7.33,37.82,68.63,15.33,1790
2022/6/19,503,6.9,5300,706,117,8840,87.88,98,371,334.4,84.23,19.48,76.5,2148.6,72.5,300,494.4,8870,2727,7.33,37.6,85.24,16.55,1844
2022/6/20,504,8,5170,733,118,7554,14.89,105,534,285.2,88.27,18.42,80.7,2250.2,72.5,300,459.8,8436,2797,7.34,37.4,69.19,15.37,1938
2022/6/21,505,7.2,5210,714,121,9143,20,112,324,306.2,81.97,18.79,70,2275.7,72.5,300,482.9,7797,2784,7.34,37.35,62.81,16.75,1828
2022/6/22,506,7.1,5090,703,126,8030,35.85,92,445,290.1,73.6,18.92,71,1907.9,72.5,300,406.7,7530,2701,7.34,37.46,84.9,15.27,1711
2022/6/23,507,7,4930,773,98,8894,36.5,112,326,281.9,75.92,17.64,77.8,1997.3,72.5,300,441.6,8157,2683,7.34,37.48,74.17,14.81,1694
2022/6/24,508,6.9,4920,699,78,7977,33.88,104,270,261.8,65.57,19.25,75.4,2415.6,72.5,300,465.5,8723,2600,7.35,37.57,75.32,15.9,1776
2022/6/25,509,7,5260,656,103,8913,33.23,102,313,314.7,70.15,19.13,67.4,2014.2,72.5,300,461,8498,2827,7.34,37.61,69.22,14.2,1629
2022/6/26,510,7.1,5360,694,93,8441,43.06,108,292,345.2,62.94,18.47,66.4,2348.2,72.5,300,505.3,7940,2706,7.36,37.62,66.1,13.87,1690
2022/6/27,511,7.2,5440,681,222,8068,12.56,116,325,339.2,53.91,17.75,54.1,1991.8,72.5,300,509.6,8394,2761,7.36,37.56,76.94,16,1647
2022/6/28,512,8.5,5360,726,231,7830,36.05,104,342,313.4,54.11,19.18,52.5,2231.9,72.5,300,515.7,8040,2799,7.36,37.48,73.53,15.78,1570
2022/6/29,513,7.4,5390,612,113,8830,19.1,113,360,322.3,52.32,20.03,45.2,2313.9,72.5,300,493.7,8885,2787,7.36,38.39,75.62,16.3,1690
2022/6/30,514,7.2,3430,675,201,2713,9.45,116,271,327.3,32.16,17.95,45,2212.3,72.5,300,483.9,2436,2788,7.39,37.1,63.44,14.58,1193
2022/7/1,515,7.3,3660,685,188,2638,12.44,100,398,320.1,32.29,17.83,44.6,840.3,72.5,300,479.6,2638,2739,7.4,35.82,76.63,15.9,1138
2022/7/2,516,7.2,3780,570,175,3633,18,108,345,308.4,31.5,18.45,45.8,1019.8,64.5,300,284.2,3633,1976,7.36,35.36,70.22,14.99,1090
2022/7/3,517,7.4,3790,599,188,3652,28.95,110,367,295.7,30.13,19.56,62.2,1132.5,64.5,300,286.6,3652,1945,7.3,35.06,66.31,15.04,988
2022/7/4,518,7.3,3580,602,149,5034,34.35,108,553,292.4,35.32,19.99,44.7,970.2,64.5,300,261.5,5034,1920,7.24,34.87,68.21,16.45,925
2022/7/5,519,7.2,3690,548,81,5500,37.1,94,343,275,42.27,20.74,52.5,1055.3,64.5,300,274.4,5500,1958,7.19,34.72,75.18,15,1005
2022/7/6,520,7.1,4040,600,78,6454,49.75,100,486,299.4,41.56,22.44,50.5,1160,64.5,300,291.5,6454,1726,7.15,34.73,64.9,15.96,1194
2022/7/7,521,7.4,4030,600,110,6734,52.78,106,446,276.2,41.36,21.68,56.1,1257.4,64.5,300,291.5,6734,1820,7.15,34.82,59,15.69,1010
2022/7/8,522,8.5,4290,616,92,7008,51.43,84,512,310,38.27,21.8,61.2,1082.9,64.5,300,262.9,7008,1758,7.16,34.93,52.61,16.45,1065
2022/7/9,523,8.6,4280,661,85,7094,50.03,92,463,308.2,43.04,20.35,63,1013,64.5,300,292.8,7094,1860,7.17,35,71.5,15.65,1159
2022/7/10,524,7.5,3730,687,85,6414,56.45,82,524,295.5,52.74,20.5,54.7,1354.8,72.5,300,298.3,6414,1887,7.21,35.2,71.83,15.3,1195
2022/7/11,525,7.1,4110,678,99,6136,58.91,86,450,295.7,38.52,20.89,55.3,1360.3,72.5,300,309.9,6136,1848,7.22,35.31,66.17,15.98,1099
2022/7/12,526,9.1,4990,687,97,6466,39.43,134,654,369.5,35.49,19.1,53,1466.3,62.5,300,290.9,6466,1898,7.23,35.36,67.54,16.88,1120
2022/7/13,527,7.5,4510,684,197,6829,48.13,106,522,362.1,34.63,22.2,48.3,1457.7,62.5,300,305.6,6829,1934,7.27,35.58,74,17.68,1171
2022/7/14,528,7.3,5310,678,143,7153,47.98,120,463,418.6,30.46,24.52,45.5,1491.4,52.5,300,305,7153,2019,7.27,36.15,74.23,16.86,1146
2022/7/15,529,7.5,5020,601,186,8572,49.43,94,392,402,29.49,23.46,40.1,1567.9,52.5,300,309.9,8572,2147,7.27,36.47,73.59,16.68,1229
2022/7/16,530,7.4,5130,674,253,8570,52.15,102,386.1,398,31.59,22.64,39.2,1590.6,52.5,300,323.4,8570,2130,7.28,36.8,63.4,18.72,1248
2022/7/17,531,7.5,5130,691,273,7184,53.64,196,413,507.9,31.31,22.79,37.8,1531.8,52.5,300,346.1,7184,2339,7.3,37.11,57.32,18,1308
2022/7/18,532,7.1,6950,698,325,8581,58,114,420,699.8,30.73,23.75,42,1953.2,47.5,300,293.4,8581,2294,7.31,37.19,57.17,16.42,1237
2022/7/19,533,7,7320,613,263,7973,86.6,110,405,763.8,25.25,20.1,23.3,1854,47.5,300,392,7973,2340,7.3,37.35,55.53,18.3,1304
2022/7/20,534,6.9,7380,610,365,9715,82,110,684,651.6,33,22.84,35.8,1726.6,47.5,300,398.1,9715,2295,7.32,37.46,62.25,19.89,1443
2022/7/21,535,6.8,7680,664,364,10932,51,110,881,676.4,34.98,23.81,40.2,2009.5,47.5,300,363.8,10932,2336,7.33,37,70.97,18.58,1647
2022/7/22,536,6.9,6810,592,277,8861,45,124,589,548.6,42.84,20.14,44.7,2070.2,47.5,300,492.4,8861,2648,7.36,36.39,65.51,18.61,1855
2022/7/23,537,6.9,6820,668,386,8795,45.1,104,673,579.6,39.16,19.84,41.6,2111.2,47.5,300,529.2,8795,2674,7.21,36.28,55.72,16.53,1791
2022/7/24,538,7.3,7070,680,301,8730,64,103,850,603.8,46.93,21.5,43.1,2061.6,47.5,300,425.7,8730,2925,7.38,36.45,74.08,18,1695
2022/7/25,539,6.9,7740,750,340,8951,60.23,108,670,689.9,38.05,19.5,41.4,2088.6,47.5,300,490,8951,2938,7.39,36.8,73.02,18.7,1817
2022/7/26,540,7,7340,726,302,10085,55.23,118,892,586.9,37.63,19.72,58.4,2253.9,47.5,300,488.8,10085,3125,7.4,37.1,73.72,17.39,1678
2022/7/27,541,7.1,7520,696,330,9820,52,108,801,553.6,41.37,19.48,51.1,2372.7,47.5,300,415.3,9820,3088,7.42,37.28,76.72,17.95,1822
2022/7/28,542,7.1,7450,668,322,9900,57,110,754,761.3,30.58,18.36,60.3,2468.3,47.5,300,490,9900,2999,7.42,37.46,85.54,17.65,1904
2022/7/29,543,7.1,8830,726,398,10249,85.3,100,1265,721.5,23.91,20.32,64.5,2780.7,47.5,300,607,10249,3124,7.44,37.58,68.27,15.12,2181
2022/7/30,544,7,8320,686,335,9584,37.5,110,1226,712.1,28.51,16.92,40.4,2527.7,47.5,300,570.8,9584,3121,7.46,37.66,76.41,17.18,2144
2022/7/31,545,7.1,6850,733,378,10057,40.57,118,1501,762,33.13,17.71,42.8,2445,47.5,300,657.8,10057,3117,7.47,37.66,82.4,17.15,2096
2022/8/1,546,7.1,8230,607,353,11200,42.1,152,708,668.5,32.14,17.05,41.6,2385,47.5,300,630.9,11200,3061,7.47,37.54,94.43,16.525,2307
2022/8/2,547,7.1,8500,623,377,10382,49.27,156,1585,704.6,34.02,17.25,39.5,2639.8,47.5,300,688.4,10382,3112,7.46,37.51,68.47,15.9,2404
2022/8/3,548,7.2,8080,558,307,10431,55.8,142,1351,624.3,47.94,18,48.4,2682.7,47.5,300,722.7,10431,3177,7.45,37.52,69.79,16.24,2604
2022/8/4,549,7.3,8480,559,362,8948,71.15,138,5934,688,32.08,17.01,43.8,2482.1,50,300,747.2,8948,3600,7.41,37.42,101.87,17,2950
2022/8/5,550,7.2,8270,575,312,9950,75,126,846,687.8,47.39,16.9,46.8,2464.6,45,300,840.3,9950,3714,7.4,37.46,92.36,19.4,3313
2022/8/6,551,7.3,8460,590,319,9570,60.03,134,1497,784.8,49.54,18.55,39.2,2301.4,35,300,715.4,9570,3502,7.43,37.47,89.34,17.83,3280
2022/8/7,552,7.3,8610,603,390,11327,50,130,1080,700.8,44.96,20.5,48.7,2345.8,34.4,300,849.5,11327,3514,7.47,37.54,47.77,19.96,2819
2022/8/8,553,7.2,8510,616,318,8663,45,104,733,788.5,27.32,20.61,40.1,2413.8,34.4,300,692.1,8663,3211,7.48,37.66,106.35,19.28,2842
2022/8/9,554,7.1,8850,628,293,9326,48.26,148,754,799.2,38.7,19.4,44.5,2327.4,34.4,300,665.8,9326,3711,7.48,37.78,102.12,19.86,2636
2022/8/10,555,7.2,8380,641,448,8419,47.85,124,1502,712.3,31.65,20.36,43.1,2253.9,34.4,300,701.9,8419,3783,7.18,37.79,114.38,19.82,2783
2022/8/11,556,7.3,8050,615,439,8977,45,86,1372,694,37.64,20.68,43.6,2250.9,34.4,300,667.6,8977,3550,7.17,37.66,107.52,19.89,2685
2022/8/12,557,7.1,8700,588,480,8493,44,94,890,716.1,27.25,19.98,54.2,2220.2,34.4,300,686.6,8493,3504,7.17,37.45,98.83,20.09,2632
2022/8/13,558,7,8740,710,432,9508,48,110,654.3,801,30.88,21.02,78.3,2246.5,34.4,300,662.1,9508,3464,7.17,37.43,99.71,20.5,2751
2022/8/14,559,7,8580,695,370,9680,64.85,114,902,795.4,27.35,21.2,70.9,2040.5,34.4,300,643.7,9680,3559,7.17,37.5,95.56,19.02,2884
2022/8/15,560,7,8390,596,428,8037,54.5,102,1692,724.2,29.99,20.9,64.1,1982.4,34.4,300,731.1,8037,3520,7.17,37.62,89.12,19.14,2505
2022/8/16,561,7,8530,622,414,9089,58.79,86,1556,738.5,24.02,21.48,45.5,2040.5,44.4,300,727.6,9089,3385,7.14,37.64,105.12,20.52,2812
2022/8/17,562,7,7920,662,416,8101,59.25,85,1384,711.7,28.07,21.17,44.5,2120.5,44.4,300,811.8,8101,3473,7.08,37.37,99.14,19.78,2926
2022/8/18,563,7,7990,707,536,8650,63.56,86,1150,711.9,28.64,20.58,47.2,2139.5,39.4,300,910.2,8650,3388,7.14,37.11,96.56,20.89,3163
2022/8/19,564,7.1,8250,738,467,7819,53,80,1193,714.9,28.24,20.02,45.6,2026.4,29.4,300,1041,7819,3477,7.15,36.95,111.36,19.74,2854
2022/8/20,565,7.1,7970,653,429,7564,60.3,64,1026,663.3,25.46,20.36,42.2,2184.1,29.4,300,889.3,7564,3472,7.2,37.04,108.88,19.81,3061
2022/8/21,566,7.3,7860,700,443,8683,77.11,72,1247,707.2,28.58,19.56,43.8,2111.4,29.4,300,848.5,8683,3410,7.21,37.05,122.92,20.98,2586
2022/8/22,567,7,8160,771,408,8600,72,84,930,717.8,39.51,20.44,42.4,1979.3,29.4,300,790.4,8600,3350,7.22,37.13,111.88,20.48,2616
2022/8/23,568,7.4,8090,787,367,9022,70,20,895,752.4,30.26,21,45.8,1734.8,35.06,300,686.5,9022,3390,7.22,37.22,121.8,16.46,2336
2022/8/24,569,6.7,6810,636,91,8636,69.16,110,901,545.8,35.3,21.13,51.6,2209.8,29.4,300,632.1,8636,3436,7.22,37.29,113.3,20,2239
2022/8/25,570,7.5,7390,748,342,7068,76,22,247,660,23.77,20.84,46.4,1845.5,29.4,300,555,7068,3456,7.22,37.29,116.42,19.74,2357
2022/8/26,571,7.1,7650,734,371,6685,77.85,26,825,624.4,21.61,19.15,44.6,1760.5,35,300,549.5,6685,3324,7.22,37.22,112.14,18.45,2250
2022/8/27,572,7.4,6950,773,313,6540,54.75,28,922,567.6,31.33,19.1,35.5,1834.5,35,300,590.5,6540,3502,7.21,37.13,123.22,19.07,1999
2022/8/28,573,6.8,5890,767,169,8039,63,118,668,501.3,35.28,20.42,48.7,1772.7,35,300,556.1,8039,3534,7.21,37.1,121.37,19.82,2172
2022/8/29,574,7.1,5950,755,225,8163,58,104,673,520.5,32.37,20.89,44.9,1914.5,35,300,542.2,8163,3177,7.21,36.97,124.65,19.77,2234
2022/8/30,575,7,6380,722,294,7231,62.35,102,960,509.6,31.28,19.13,53,1846.1,35,300,459.1,7231,3237,7.2,36.97,106.91,17.48,2243
2022/8/31,576,7,6230,750,306,7443,68.6,150,578,522.5,38.06,18.4,47.9,1895.6,42,300,577,7443,3238,7.19,37.01,123.96,18.2,2211
2022/9/1,577,7.2,6200,737,282,7712,62.35,138,514,531.9,36.18,18.26,39.6,1544.7,42,300,552.6,7712,3250,7.19,37.16,110.65,19.6,2232
2022/9/2,578,7.1,6380,761,299,8069,75,60,698,550.5,37.02,18.69,45.4,2042.3,42,300,585.6,8069,3260,7.19,37.27,122.52,15.88,2093
2022/9/3,579,7.1,6500,812,341,7960,59,46,278,572.1,31.89,19.43,32.1,1920.6,42,300,610.1,7960,3260,7.19,37.34,105.67,16.32,2164
2022/9/4,580,6.9,6110,797,270,8111,66.75,132,376,609.2,36.73,19.88,37.4,2027.6,42,300,534.9,8111,3333,7.19,37.3,116.34,16.1,2145
2022/9/5,581,7.2,6530,822,304,8276,63.55,108,382,582.6,37.77,18.2,58.5,1907.2,42,300,578.9,8276,3258,7.19,37.36,110.74,17.82,2315
2022/9/6,582,7.2,6930,788,311,8410,75,142,718,659.8,31.38,18.52,47.2,1979.9,42,300,610.7,8410,3220,7.19,37.25,110.48,18.22,2261
2022/9/7,583,7.2,6690,836,242,8531,75,105,726,643.7,36.5,20.33,44.1,1868.7,22,300,618.6,8531,3167,7.21,37.25,91.45,16.3,2365
2022/9/8,584,7.1,7470,773,309,8248,74.1,68,734,744.7,35.98,18.01,56.3,1849.1,42,300,593.6,8248,3360,7.2,37.28,122.33,16.87,2174
2022/9/9,585,7.3,6620,764,330,7881,90.68,66,837,629.6,24,16.42,60.3,1783.7,47,300,599.7,7881,3334,7.19,37.28,117.37,17.32,2240
2022/9/10,586,7.2,6950,800,327,8400,102.1,57,842,670.3,32.89,15.5,52.7,1738.5,50,300,612.5,8400,3251,7.18,37.31,114.11,15.9,2223
2022/9/11,587,7.2,6310,774,356,8402,52.08,50,746,602.5,27.73,14.91,53.3,1871.1,50,300,632.7,8402,3278,7.18,37.33,105.25,16.05,2363
2022/9/12,588,7.1,6700,814,324,8162,91,60,751,642.9,27.97,15.66,47,1871.1,43.5,300,612.5,8162,3318,7.18,37.32,101.53,14.28,2315
2022/9/13,589,7.3,6540,679,311,7760,83,46,756,544,26.32,15.71,48.3,1856.5,50.7,300,637.6,7760,3155,7.18,37.36,89.87,15.3,2194
2022/9/14,590,7.1,6660,778,208,8810,80,68,679,619.2,32.5,16.09,49.3,1854.6,38.7,300,636.3,8810,3342,7.18,37.32,95.5,13.98,2253
2022/9/15,591,7.1,6680,751,305,8459,76,48,821,640.2,33.37,15.44,40.4,1940.2,50.7,300,644.3,8459,3242,7.17,37.24,97.4,14.35,2267
2022/9/16,592,7.1,7130,813,319,10799,58.78,13,779,650.6,26.93,16.6,34,1987.3,46.8,300,628.4,10799,3287,7.17,37.15,91.24,13.5,2270
2022/9/17,593,7.1,7490,797,364,9965,70,12,832,662.3,24.83,17.52,32.8,1868.1,49.5,300,593.6,9965,3206,7.18,37.17,75.09,13.71,2131
2022/9/18,594,7.1,7380,816,360,9079,80,19,787,626.5,25.22,18.29,41.1,1981.8,41.3,300,630.8,9079,2948,7.19,37.22,92.02,14.75,2391
2022/9/19,595,7.4,7740,780,352,10570,77.55,14,825,731.7,26.48,23.63,40.2,2634.6,41.3,300,605.8,10570,3359,7.2,37.3,81.7,14.82,2156
2022/9/20,596,7.1,7800,1148,345,11004,62.68,16,809,683.6,31.98,22.13,41,2139.5,36.6,300,668.7,11004,3206,7.22,37.31,85.97,16.39,2192
2022/9/21,597,7.1,7990,1437,332,10823,74.5,44,925,684.5,27.51,25.44,50.6,2461.6,36.6,300,613.1,10823,3457,7.23,37.3,86.72,16.19,2102
2022/9/22,598,7,8560,1498,262,11239,78,44,1135,665.2,26.4,28.56,46.9,2659.7,34,300,633.3,11239,3513,7.23,36.83,96.11,17.48,2398
2022/9/23,599,6.9,8700,803,194,12820,35,40,1023,736.3,30.65,26.21,53.8,2667.6,34,300,619.2,12820,3524,7.24,37.24,81.71,19.58,2536
2022/9/24,600,6.9,7670,515,271,10864,37,22,884,651.2,21.19,22.19,45.3,2032.5,41.2,300,588.1,10864,3567,7.25,37.39,76.86,17.66,2343
2022/9/25,601,7,7450,490,291,10446,38.2,15,910,585.4,20.63,25.32,46.6,2640.7,41.2,300,609.4,10446,3476,7.25,37.47,89.77,19.78,2336
2022/9/26,602,6.8,7330,388,283,10473,47,22,791,596.2,21.28,25.34,49.6,2045.3,41.2,300,649.2,10473,3629,7.23,37.48,88.63,19,2444
2022/9/27,603,7,7130,348,248,9759,51.3,44,813,566.2,18.17,22.67,36.5,2090.6,41.2,300,693.2,9759,3611,7.25,37.46,94.32,19.95,2510
2022/9/28,604,6.8,6990,333,220,10637,62.5,42,891,534.4,17.39,23.2,42.8,2244.6,41.2,300,648,10637,3562,7.25,37.48,82.37,18.5,2377
2022/9/29,605,7,6330,356,263,9864,55,26,864,544.3,24.88,18.4,51.6,2295.4,41.2,300,653.5,9864,3397,7.24,37.44,85.18,19.03,2468
2022/9/30,606,6.8,6400,300,260,10115,86.3,38,822,485.2,22.96,19.67,35.7,2241.6,45.5,300,746.4,10115,3368,7.24,37.34,85.73,18.39,2597
2022/10/1,607,6.8,6130,386,248,10616,52,52,725,563.3,26.93,18.14,40.8,2252.6,45.5,300,726.8,10616,3483,7.22,37.45,102.7,18.95,2491
2022/10/2,608,6.8,6360,361,425,9425,85,56,538,551.3,23.23,19.56,44.1,2221.4,49.7,300,642.5,9425,3343,7.22,37.53,92.18,17.32,2693
2022/10/3,609,6.9,6170,355,453,9490,73,54,486,596.9,23.67,19.94,40.6,2050.2,49.7,300,665.7,9490,3003,7.22,37.62,85.92,17.97,2413
2022/10/4,610,7,6290,372,385,10430,92.85,44,645,548.4,25.26,17.73,38.4,2464.1,49.7,300,686.5,10430,3053,7.21,37.73,85.63,16.38,2268
2022/10/5,611,7,6020,344,415,10505,88.68,34,620,526.8,22.61,20.75,49.9,2363.2,49.7,300,706,10505,3026,7.2,37.37,91.87,19.4,2515
2022/10/6,612,6.9,6370,430,429,10625,87,32,734,540.1,25.21,20.92,48.6,2448.2,49.7,300,664.5,10625,2946,7.19,37.36,91.7,17.08,2359
2022/10/7,613,6.9,6420,407,393,10544,98,44,724,584.5,22.84,18.17,33.4,2369.9,50.8,300,709.1,10544,2955,7.18,37.36,82.73,16.35,2392
2022/10/8,614,6.8,5990,332,307,11069,55,35,758,452.4,28.15,21.81,40.5,2380.3,50.8,300,752.5,11069,2714,7.17,37.5,92.47,16.89,2516
2022/10/9,615,6.9,6290,430,402,11450,83.6,24,566,435.7,28.28,19.41,28.1,2458.6,50.8,300,748.2,11450,2801,7.17,37.58,97.19,16.81,2382
2022/10/10,616,7.1,6470,353,403,11840,99,52,484,517.4,28.38,17.57,36.2,2440.2,50.8,300,806.9,11840,2713,7.17,37.4,84.01,17.85,2795
2022/10/11,617,7.1,7040,456,399,10339,87,58,833,563.3,25.27,18.69,47.8,2399.8,50.8,300,823.3,10339,2923,7.18,37.28,93.48,19.48,2782
2022/10/12,618,6.9,6220,497,384,11119,110,40,549,547.6,29.42,20.57,35.6,2450.1,50.8,300,834.8,11119,3108,7.17,37.41,98.48,19.4,2992
2022/10/13,619,6.8,6770,468,329,10667,118.6,32,613,619.4,24.73,19.81,38.8,2245.4,50.8,300,877.8,10667,3249,7.15,37.26,91.97,18.31,2972
2022/10/14,620,7,6640,503,272,11799,131.18,33,460,605.5,24.18,19.53,45.2,2390.1,50.8,350,877.2,11799,2917,7.16,37.45,99.94,20.1,3238
2022/10/15,621,6.9,7880,477,620,11215,115.4,18,653,744.5,22.87,20.14,48,2372,50.8,350,951.1,11215,3011,7.17,37.48,87.53,19.76,3358
2022/10/16,622,7.1,7280,625,461,11883,117.1,52,694,625,20.33,20.72,38.8,2296.9,50.8,350,1158.7,11883,3174,7.14,37.48,102.41,20.33,4386
2022/10/17,623,7,7070,613,474,9816,93.9,32,763,668.4,17.43,21.61,40.3,1922.1,50.8,300,1210.2,9816,3285,7.1,37.42,87.98,18.9,4344
2022/10/18,624,6.8,6400,476,255,8485,82.4,30,811,600,19.3,23.89,45.7,1835.6,60,300,1396.1,8485,3162,7.2,37.36,107.86,19.52,4064
2022/10/19,625,7.2,6100,445,611,6916,60.85,36,793,763.4,14.07,24.26,43.9,1749.6,44,300,1380.3,6916,3109,7.09,37.32,105.17,21.79,5216
2022/10/20,626,7.1,5510,521,666,4976,50.93,180,757,502.6,38.51,25.55,97.1,1462,44,300,1375.5,4976,2824,7.18,37.17,108.32,23.06,4304
2022/10/21,627,7,5730,577,288,6957,51.03,192,710,465.4,74.91,29.07,125.8,1430,44,300,1268.9,6957,2596,7.15,36.75,117.44,22.75,4645
2022/10/22,628,7.2,5990,636,275,5904,51.78,146,785,474.5,96.26,25.09,90.3,1295,44,300,1087.3,5904,2557,7.19,36.09,139.45,20.39,3854
2022/10/23,629,7.1,6020,711,250,5556,47.63,100,571,470.3,80.84,26.63,110,1618.2,44,300,1133.9,5556,2617,7.1,37.13,124.72,21.75,3638
2022/10/24,630,7.1,5740,658,234,5949,46.6,112,722,463,108.58,28.42,112.5,1386.4,44,300,1117,5949,2179,7.15,37.67,140.28,22.8,3734
2022/10/25,631,7,6450,653,242,5709,47.48,90,792,511.5,105.66,26.26,121.9,1422.7,44,300,1238,5709,1965,7.18,37.52,134.13,19.92,3509
2022/10/26,632,7.2,6514,806,126,5871,51.58,102,812,496.5,111.84,25.9,118.5,1495.3,44,300,1158.7,5871,2367,7.24,37.56,150.14,23.81,3748
2022/10/27,633,7.4,6280,741,227,5809,52.34,98,768,473.8,111.32,27.09,123.5,1426.9,44,300,1126,5809,2237,7.19,37.46,151.49,24.58,3765
2022/10/28,634,7.2,6550,736,109,6143,52,126,894,492.7,112.03,22.4,127.7,1492.3,44,300,1250.2,6143,2232,7.2,37.66,134.58,21.24,3820
2022/10/29,635,7.4,6860,729,214,6082,47.33,96,865,538.8,106.84,20.72,158.9,1398.5,44,300,1315.5,6082,2213,7.31,37.5,128.38,21.3,3789
2022/10/30,636,7.1,6480,819,201,5792,47.1,70,712,488.5,109.73,18.18,152.6,1595.2,44,300,1161.8,5792,2476,7.33,37.54,161.26,19.26,3860
2022/10/31,637,7,6460,751,215,5612,23,154,760,469.8,114.79,14.75,135,1460.2,44,300,1403.3,5612,2552,7.15,37.34,143.14,17.36,3755
2022/11/1,638,7,6460,751,215,5612,23,154,760,469.8,114.79,14.75,135,1460.2,44,300,1403.3,5612,2552,7.15,37.34,143.14,17.36,3755
2022/11/2,639,7.1,5880,844,229,6019,47.58,112,793,452.5,100.94,16.51,135.6,1425.7,44,300,1277.4,6019,2596,7.21,37.3,121.25,17.2,3702
2022/11/3,640,7.2,6020,775,178,5615,51.43,130,701,454,100.52,17.01,119.4,1575.3,44,300,1296.2,5615,2518,7.24,37.07,129.35,15.24,3558
2022/11/4,641,7.2,6170,796,212,5796,52.6,124,955,464.6,139.34,18.4,160,1563.7,44,300,1402.7,5796,2571,7.26,37.24,144.5,16.86,3772
2022/11/5,642,7.2,4850,822,236,5448,47.53,136,916,500.2,102.77,15.56,135,1482.6,44,300,1252.6,5448,2486,7.19,37.28,131.27,17.2,3571
2022/11/6,643,7.3,22200,829,286,5475,83,222,8,528.1,103.03,0.55,132,2522.3,44,300,1302.8,5475,2456,7.15,37.35,126.19,16.29,3774
2022/11/7,644,7.2,6320,940,334,5677,48.58,118,976,490.9,117.02,16.55,136.5,1530.5,44,300,1248.3,5677,2652,7.12,37.53,146.83,14.75,3493
2022/11/8,645,7.2,6560,1062,340,6182,64.23,122,1217,548.1,103.37,15.84,146.3,1555.9,44,300,1216.2,6182,2545,7.1,37.58,120.22,14.24,3738
2022/11/9,646,7.1,6510,1084,272,6114,62.7,110,1129,509.8,100.04,17.14,124.7,1457.8,44,300,1230.8,6114,2584,7.13,37.68,131.05,15.83,3669
2022/11/10,647,7,6710,858,244,6323,63.7,130,1230,531.8,108.32,6.65,108.3,1647.3,44,300,1302.8,6323,2616,7.16,37.49,135.49,14.71,3508
2022/11/11,648,6.9,6290,1031,292,6459,70.8,200,693,488.4,76.34,17.92,116,1583.5,39,300,1252,6459,2722,7.2,37.51,111.39,14.48,3293
2022/11/12,649,7.1,6310,908,302,5850,72,170,887,547.7,64,5.28,84.9,1594,39,300,1245.9,5850,2639,7.19,37.46,128,14.16,3601
2022/11/13,650,7.1,6310,924,294,5344,39.63,258,1052,551.3,60.74,16.15,81.6,1596.4,39,300,1273.5,5344,2745,7.19,37.25,144.51,14.52,3147
2022/11/14,651,6.9,5810,959,291,5306,37.2,232,1103,512.8,49.86,14.66,55.4,1612.2,39,300,1228.4,5306,2749,7.18,37.12,115.2,15.96,3312
2022/11/15,652,6.9,6600,840,371,5095,50.78,150,871,641.8,59.38,16.13,68.3,1560.7,35,300,1004.4,5095,2708,7.2,37.52,124.14,15.91,3199
2022/11/16,653,6.8,5870,821,346,5571,45.85,106,797,513.1,50.47,15.17,69.7,1556.5,30,300,1126.6,5571,2771,7.2,37.61,110.06,15.42,3081
2022/11/17,654,6.7,5681,847,275,5234,42.75,190,721,484.2,48.46,16.01,52.29,1636.4,30,300,1023.7,5234,2668,7.22,37.44,106.42,14.8,2639
2022/11/18,655,6.9,5570,736,336,6002,43.3,176,732,490.5,60.31,18.94,61.7,1625.5,30,300,965.6,6002,2791,7.22,37.38,105.43,15.34,2799
2022/11/19,656,7,5550,750,314,5790,50,156,826,421.6,62.06,17.94,48,1548.6,30,300,920.8,5790,2712,7.25,37.17,137.9,15.88,3123
2022/11/20,657,7.9,5940,946,282,5578,52,140,860,568,51.73,15.4,63.7,1625.5,30,300,860.3,5578,3004,7.28,37.22,104.71,15.35,2546
2022/11/21,658,7.2,6530,1022,290,5718,52,106,897,594.8,59.33,14.6,76.74,1653.3,30,300,630.8,5718,2892,7.3,37.37,137.22,18.69,2212
2022/11/22,659,7.8,6200,902,284,6005,42,112,875,577,83.35,14.34,66.69,1719.9,30,300,646,6005,2773,7.31,36.46,124.37,16.53,2043
2022/11/23,660,7.3,6180,833,263,5840,48,160,805,566.2,79.85,16.77,80.6,1661.8,30,300,555.2,5840,2832,7.32,36.94,164.98,19.98,2697
2022/11/24,661,7.4,6350,1159,220,5951,46,110,890,579.5,65.96,15.69,66,1730.2,35,300,535.8,5951,2873,7.31,37.13,121.44,19.72,1946
2022/11/25,662,7.3,6320,1005,218,6142,49.68,116,686,599.6,62.81,17.35,75.82,1749,35,300,594.5,6142,2813,7.32,37.42,128.56,19.77,2103
2022/11/26,663,7.3,6630,966,113,5575,44.5,156,864,624.4,68.01,19.49,58.6,1773.8,35,300,525.5,5575,2744,7.32,37.19,124.04,25.3,1803
2022/11/27,664,7.1,5920,973,117,6300,42.85,162,792,510.2,58.57,17.97,76.1,1701.8,35,250,601.2,6300,2714,7.33,37.22,110.32,23.2,1707
2022/11/28,665,7.8,6270,984,102,7878,42.45,166,758,483,61.58,16.3,92.8,1669.7,35,250,506.2,7878,2670,7.32,37.73,136.56,24.85,2095
2022/11/29,666,8.4,6070,954,210,6583,42.15,242,795,484.6,74.1,18.52,89.5,1819.2,35,250,511,6583,2781,7.23,37.42,129.46,23.77,1846
2022/11/30,667,7.1,5970,945,118,5908,48,150,780,502,97.6,17.99,87.8,1848.3,35,250,495.2,5908,2773,7.35,37.43,121.15,23.24,1847
2022/12/1,668,7.1,5860,930,109,5111,46,104,657,493.5,98.2,16.93,127.1,1808.9,35,250,481.9,5111,2842,7.37,37.62,138.7,22.53,1544
2022/12/2,669,7.4,6100,953,91,5822,45.98,214,780,472.2,95.15,16.72,114,1853.1,40,300,380.8,5822,2859,7.39,37.58,132.27,21.92,1904
2022/12/3,670,7.2,6270,1031,98,6017,32.18,136,774,416.1,105.41,16.84,116,1882.8,40,300,516.4,6017,2852,7.4,37.53,160.32,22.53,2032
2022/12/4,671,7.3,6030,981,69,5691,25.78,114,857,449.1,103.1,19.03,101.7,1827.1,40,300,491,5691,2873,7.41,37.37,147.27,22.59,1899
2022/12/5,672,7.5,6010,1065,88,6219,32.5,168,685,582,82.77,16.56,105.7,1913.7,45,300,364.3,6219,2849,7.41,37.42,129.26,21.1,1743
2022/12/6,673,8.3,6170,1095,116,6101,30.11,114,701,484.3,108.46,17.16,124.2,2028.4,45,300,460.1,6101,2934,7.41,37.47,147.12,21.72,1796
2022/12/7,674,7.8,6410,1081,79,6763,33.81,132,782,510,103.69,16.91,126,2009.4,45,300,367.2,6763,2973,7.42,37.68,150.15,19.64,2231
2022/12/8,675,7,6330,1007,92,6744,38.7,115,782,486.5,107.05,16.71,120.3,2024.3,45,300,479.7,6744,3080,7.43,37.66,139.52,19.47,1994
2022/12/9,676,7.5,6040,993,62,5719,40.2,100,361,490.3,134.32,17.08,149.7,1946.3,45,300,385.1,5719,3061,7.44,37.66,164.35,18.26,1829
2022/12/10,677,7.5,6254,1054,121,6627,37,120,385,548.4,138.92,16.86,148,1941.5,45,300,458.9,6627,3112,7.42,37.02,161.78,20.11,1877
2022/12/11,678,7.8,5890,1144,216,6236,28.66,106,633,545.5,118.82,16.82,126,1888.6,45,300,439.9,6236,3204,7.4,37.14,162.93,19.55,2007
2022/12/12,679,7.8,5980,1007,277,6352,38.43,102,702,497.9,91.31,17.1,121.9,1930.2,45,300,459.5,6352,3036,7.38,37.69,159.98,25.37,1988
2022/12/13,680,7.4,5950,877,246,7206,27.54,134,730,510.5,97.47,17.41,135.43,1883.8,45,300,487.5,7206,3098,7.37,37.65,153.87,19.85,1954
2022/12/14,681,6.8,5950,1059,195,7418,36,116,723,490.3,74,16.91,75.82,1932,45,300,489.8,7418,3250,7.36,36.6,129,17.38,1843
2022/12/15,682,8.2,5940,1068,277,6188,43.88,112,735,542.9,71.23,16.39,125.1,1938.6,45,300,482.7,6188,2979,7.35,36.77,142.11,17.9,1738
2022/12/16,683,7.2,6200,1058,254,7149,33.75,88,654,479.9,72.36,16.46,79.53,1954.6,45,300,438.7,7149,2976,7.35,36.19,122.76,21.83,1747
2022/12/17,684,7.4,6220,1002,182,7021,28.1,100,550,556,86.36,16.78,91.14,2004,45,300,484.5,7021,2985,7.35,37.91,119.4,15.3,1868
2022/12/18,685,7.6,5790,1074,341,7750,27.21,44,322,556.2,79,16.45,86,2039.8,45,300,461.3,7750,2986,7.34,37.44,128.5,16.05,1692
2022/12/19,686,7.6,5770,1083,181,6814,32.23,112,367,533.4,87.05,15.48,91.2,2219.5,45,300,504.7,6814,3182,7.35,37.32,126.89,13.95,1876
2022/12/20,687,8.5,5850,984,238,7007,36,124,690,583.2,56.6,13.84,47,2102.2,45,300,483.3,7007,3089,7.35,37,90.94,12.49,1879
2022/12/21,688,7.6,5810,1061,254,7556,35.34,123.3,654,577.4,45.38,14.74,44.38,2035.6,45,300,512.5,7556,3085,7.36,36.86,87.01,13.07,1835
2022/12/22,689,7.5,5850,1006,257,7201,40.4,112,645,596.3,48.54,15.94,56.2,2135.6,45,300,505.3,7201,2987,7.36,35.59,94.5,15.14,1736
2022/12/23,690,8.1,5910,1022,203,7331,9.15,112,569,653.3,51.18,14.19,64.85,2134.4,45,300,494,7331,2988,7.4,37.4,87.49,15.07,1791
2022/12/24,691,7.4,5760,1013,207,7050,8.5,116,425,641.8,56.38,14.37,73.29,2202.8,45,300,487.5,7050,3092,7.37,37.62,71.93,14.49,1687
2022/12/25,692,7.8,5900,902,273,7963,10.36,164,451,656.7,46,12,84.9,2224.9,45,300,467.8,7963,2745,7.38,36.05,84.5,14.82,1779
2022/12/26,693,7.8,7000,946,382,8400,8.85,156,510,679.2,48.31,15.24,71.7,1625.5,45,300,542.8,8400,3108,7.37,37.52,76.88,14.6,1778
2022/12/27,694,8.8,6860,955,384,8874,8.58,142,620,753.5,51.52,12.52,77.32,2279.6,45,300,538.1,8874,3048,7.39,37.58,111.25,14.3,1755
2022/12/28,695,7.4,6930,992,339,7876,10.02,165,597,743.1,56.56,13.07,63.01,2269.5,49,300,535.7,7876,3097,7.4,37.64,121.59,12.66,1811
2022/12/29,696,8.1,6810,926,378,7777,9.55,130,635,661.9,62,15.01,76.55,2219.5,49,300,599.4,7777,3118,7.4,37.66,125,11.98,1817
2022/12/30,697,7.2,6760,815,384,7508,10.18,116,856,745.3,60.25,13.92,93.2,2054,49,300,545.2,7508,3144,7.39,37.25,108,14.9,1895
2022/12/31,698,8.4,7010,782,316,7286,9.9,184,718,689.4,63.44,11.54,76.18,2090.3,52,300,542.8,7286,3139,7.39,37.74,118.54,13.21,1913
2023/1/1,699,7.5,7360,842,326,7698,11.48,148,565,746.3,70.21,13.13,73.68,2134.4,55,300,541,7698,3134,7.39,37.11,106.39,12.86,1949
2023/1/2,700,8.5,6860,860,303,6869,11.2,130,575,666.9,92.5,10.96,104.19,2154,55,300,538.7,6869,3109,7.38,37.86,98,12.27,1876
2023/1/3,701,7.6,6130,798,294,7237,10.8,146,650,700.3,81.5,13.18,73.34,2054,55,300,586.9,7237,3265,7.39,37.6,107,12.71,1977
2023/1/4,702,8.2,6750,904,325,8124,6.65,100,534,661.6,82.08,12.95,84.76,2210,55,300,490.4,8124,3031,7.38,37.46,109.1,12.5,1929
2023/1/5,703,8.3,6810,842,346,7537,8.2,110,463,680.6,85.37,12.36,93.59,2258.8,55,300,546.4,7537,3204,7.37,37.1,109.05,12.96,1841
2023/1/6,704,8.4,6720,787,388,8040,9.2,130,499,690.2,83.74,13.09,104.03,2163,55,300,545.8,8040,3073,7.38,37.44,121.67,13.02,2055
2023/1/7,705,7.2,6680,812,343,8095,8.5,142,618,682.4,64.5,15.46,76.16,2136.2,55,300,596.4,8095,3171,7.38,37.42,101,12.39,1883
2023/1/8,706,7.6,6510,766,343,7181,9.83,146,680,614.2,62.07,11.08,62.25,2131.4,55,300,579.7,7181,3124,7.39,37.43,110.75,12.79,1762
2023/1/9,707,7.8,6580,832,342,7056,11.62,120,557,663.4,59.02,11.96,67.71,2090.9,55,300,610.1,7056,3201,7.39,37.43,101.02,12.52,1848
2023/1/10,708,7.4,6630,686,369,6716,9.2,110,521,629.5,91.11,13.19,102.98,2066.5,55,300,579.1,6716,3011,7.38,37.39,122.43,11.74,1667
2023/1/11,709,7.7,6570,855,405,7301,10,142,506,671.2,70.09,13.58,83.46,2182.6,55,300,604.7,7301,3016,7.38,37.62,92.96,12.9,1797
2023/1/12,710,7.8,6660,907,379,7345,11.18,111,649,608.9,98.37,13.34,85.8,2165.3,55,300,573.8,7345,3007,7.39,37.31,107.16,12.93,1900
2023/1/13,711,7.8,6720,927,308,7858,12.5,118,515,593.2,99.4,14.66,98.65,2064.7,55,300,573.2,7858,3008,7.39,37.94,116.67,12.27,1769
2023/1/14,712,7.5,6180,825,345,6778,13,114,458,555.3,63.01,13.35,63.58,2045.7,55,300,554.1,6778,3034,7.39,37.69,94.66,11.98,1539
2023/1/15,713,8.5,6140,793,337,7184,8.68,102,536,536.2,63,13.57,71.39,2107.6,55,300,545.8,7184,3063,7.37,37.32,98.5,12.05,1835
2023/1/16,714,7.8,6100,869,335,7640,16.2,110,762,506.2,71.16,14.77,68.95,2136.8,55,300,545.2,7640,3067,7.36,37.19,77.98,12.34,1751
2023/1/17,715,8.9,5980,817,263,7576,18.88,102.5,542,524.1,78.78,11.54,84.83,2085,55,300,563.1,7576,3076,7.36,37.11,87.39,11.87,1776
2023/1/18,716,9,6230,758,298,7290,15.21,92,586,531.3,63.15,12.74,55.87,2030.2,55,300,557.7,7290,3090,7.37,37.13,91.96,11.04,1741
2023/1/19,717,8.2,6415,768,271,7154,22.1,88,780,464,54.21,12.35,57.82,2143.3,55,300,577.3,7154,3113,7.37,37.51,86.77,11.08,1858
2023/1/20,718,8.2,6600,735,268,7021,17,96,484,584,73.52,12.26,72.95,2214.1,55,300,551.8,7021,3041,7.38,37.78,82.22,11.77,1961
2023/1/21,719,8.9,6270,752,285,7913,16.84,106.7,327,534.8,67.28,13.19,76.86,2330.8,55,300,585.1,7913,2896,7.39,37.82,84.58,11.74,1763
2023/1/22,720,8.1,6410,784,286,7921,13.87,96,524,502.7,85.25,11.56,86.5,2326.6,55,300,533.9,7921,3062,7.4,37.56,83.65,11.88,1815
2023/1/23,721,8.6,6305,789,263,8328,22.63,113.3,462,521.2,86.07,13.1,105.45,2304.6,55,300,564.8,8328,3055,7.41,37.88,89.11,12.38,1835
2023/1/24,722,8.7,6200,811,262,6729,5.6,96,622,452.8,76.11,11.59,85.82,2175.5,55,300,587.5,6729,3024,7.41,37.7,99.93,11.76,1805
2023/1/25,723,8.2,6125,785,232,7796,21.03,95,496,460.8,75.35,13.6,82.03,2198.7,55,300,511.9,7796,3040,7.4,37.58,103.96,12.48,2041
2023/1/26,724,8,6050,755,224,6547,15.4,95,357,441.3,90.24,13.33,88.54,2173.7,55,300,553.5,6547,3060,7.41,37.57,85.68,11.34,1700
2023/1/27,725,7.2,6085,751,248,7292,18.4,100,317,501.2,94.58,13.12,82.35,2227.8,55,300,496.4,7292,3032,7.41,37.52,90.28,11.95,1790
2023/1/28,726,8.7,6120,779,234,8538,33.34,112,286,424.9,81.3,12.2,78.4,2355.8,55,300,580.3,8538,2899,7.4,37.63,89.7,12.84,1867
2023/1/29,727,7.9,6050,761,248,8022,15.2,130,414,432.9,85.94,12.25,85.73,2333.8,55,300,536.9,8022,3013,7.4,37.7,79.14,11.61,1809
2023/1/30,728,8.5,6260,753,224,8190,11.99,120,335,435.3,62.67,13.05,79.34,2333.8,55,300,572.6,8190,3029,7.4,37.77,87.08,11.83,1724
2023/1/31,729,8.7,6260,772,288,8254,12,120,335,435,76.54,13,75.93,2334,55,300,566,8254,3130,7.4,37.42,86.89,11.46,1775
